1,13,13.178,27.981,41.822
1,47,13,29,43
1,97,14,25,42
1,132,14,25,42
1,167,14,27,42
1,203,14,25,42
1,237,14,25,42
1,273,14,26,42
1,307,14,25,42
2,13,13,25,42
2,48,14,27,42
2,97,14,26,42
2,131,14,26,42
2,166,14,26,42
2,202,14,27,42
2,237,14,27,42
2,272,13,27,43
2,307,14,27,42
3,13,14.894,25,40.106
3,48,13,26,42
3,105,14,8,42
3,131,14,26,42
3,166,14,25,42
3,202,14,26,42
3,238,14,25,42
3,272,14,27,42
3,307,14,27,42
4,13,13,25,42
4,48,14,28,42
4,97,14,26,42
4,132,14,28,42
4,167,14,28,42
4,203,14,25,42
4,237,14,26,42
4,273,14,26,42
4,309,14,26,42
5,14,13,24,41
5,48,14,27,42
5,97,14,25,42
5,132,14,25,42
5,166,14,26,42
5,202,14,26,42
5,237,14,25,42
5,282,14,7,42
5,307,14,27,42
6,13,14,25,41
6,48,13,26,42
6,96,13,28,43
6,132,14,26,42
6,166,13,29,43
6,203,14,27,42
6,237,14,26,42
6,273,14,28,42
6,309,14,26,42
7,13,13,25,42
7,48,14,26,42
7,96,14,25,42
7,132,14,25,42
7,167,14,27,42
7,202,14,27,42
7,237,14,27,42
7,273,14,25,42
7,307,13,29,43
8,14,13,24,41
8,48,14,27,42
8,97,14,25,42
8,132,14,26,42
8,166,13,28,43
8,203,13,25,42
8,237,13,28,43
8,282,14,7,42
8,307,14,27,42
9,13,25,22,30
9,48,14,28,42
9,96,14,26,42
9,131,14,26,42
9,168,14,26,42
9,202,14,26,42
9,238,14,25,42
9,272,14,26,42
9,308,14,26,42
10,13,13,25,42
10,47,14,26,42
10,96,14,27,42
10,131,13,29,43
10,166,13,28,43
10,202,14,26,42
10,238,14,28,42
10,272,14,26,42
10,308,14,27,42
11,13,14,16,41
11,47,13,28,43
11,96,14,26,42
11,131,14,26,42
11,167,14,27,42
11,203,14,26,42
11,238,14,27,42
11,272,13,27,43
11,308,13,28,43
12,13,14,25,41
12,48,14,25,42
12,97,14,25,42
12,132,13,25,42
12,166,14,26,42
12,202,13,27,43
12,238,13,25,42
12,272,13,29,43
12,309,14,26,42
13,13,13,25,42
13,47,14,26,42
13,97,14,25,42
13,132,14,25,42
13,168,14,25,42
13,203,14,25,42
13,238,14,26,42
13,272,14,26,42
13,309,14,25,42
14,13,14.208,27.638,40.792
14,48,14,26,42
14,96,14,26,42
14,131,14,27,42
14,167,14,26,42
14,211,14,7,42
14,237,14,27,42
14,272,13,29,43
14,309,14,26,42
15,13,13,25,42
15,47,13,29,43
15,97,14,26,42
15,131,14,27,42
15,168,14,27,42
15,202,14,26,42
15,237,14,26,42
15,273,14,26,42
15,309,14,25,42
16,13,14,25,41
16,47,14,28,42
16,97,14,26,42
16,132,14,25,42
16,168,14,25,42
16,203,14,26,42
16,237,13,28,43
16,273,14,25,42
16,309,14,27,42
17,13,13,25,41
17,47,14,26,42
17,97,14,25,42
17,132,14,28,42
17,168,14,25,42
17,202,14,26,42
17,238,14,27,42
17,273,14,25,42
17,309,14,26,42
18,14,13,24,41
18,47,14,27,42
18,97,14,25,42
18,131,14,26,42
18,166,14,27,42
18,203,14,24,42
18,238,14,27,42
18,273,14,25,42
18,307,14,28,42
19,13,13,25,41
19,48,14,25,42
19,96,14,26,42
19,132,14,28,42
19,167,14,26,42
19,202,14,25,42
19,238,14,26,42
19,272,14,26,42
19,309,14,26,42
20,13,13,25,42
20,48,14,26,42
20,96,14,26,42
20,132,14,26,42
20,167,14,25,42
20,203,14,25,42
20,238,14,26,42
20,272,14,26,42
20,309,14,26,42
21,13,14,26.265,41
21,47,14,27,42
21,96,13,28,43
21,132,14,26,42
21,167,13,26,42
21,203,14,25,42
21,237,14,26,42
21,272,14,28,42
21,317,14,7,42
22,13,13.178,26.951,41.822
22,47,13,29,43
22,96,13,27,43
22,131,14,27,42
22,167,14,26,42
22,203,13,25,42
22,237,14,26,42
22,272,14,26,42
22,308,14,27,42
23,13,13,27.295,41
23,47,14,26,42
23,97,14,26,42
23,132,14,25,42
23,168,14,25,42
23,202,13,27,43
23,237,14,26,42
23,273,14,27,42
23,309,14,24,42
24,13,13,27.638,42
24,48,14,27,42
24,96,14,26,42
24,131,14,26,42
24,168,14,26,42
24,203,14,25,42
24,238,14,25,42
24,273,14,27,42
24,307,14,27,42
25,13,13,27,42
25,48,14,25,42
25,97,14,26,42
25,132,14,28,42
25,166,14,26,42
25,203,14,26,42
25,238,14,26,42
25,272,14,26,42
25,309,14,24,42
26,14,13,25.951,41
26,47,14,26,42
26,97,14,27,42
26,132,14,26,42
26,166,14,25,42
26,201,14,27,42
26,237,14,27,42
26,272,14,28,42
26,307,14,27,42
27,13,14,25,41
27,48,14,27,42
27,96,14,27,42
27,132,14,26,42
27,168,14,25,42
27,202,14,26,42
27,238,14,26,42
27,272,14,25,42
27,309,14,25,42
28,13,13,25,42
28,47,13,29,43
28,97,14,27,42
28,132,14,25,42
28,166,13,29,43
28,202,14,26,42
28,237,14,26,42
28,273,14,25,42
28,309,14,26,42
29,13,13,25,42
29,48,14,26,42
29,96,14,26,42
29,132,13,26,42
29,167,14,27,42
29,202,14,26,42
29,238,14,27,42
29,272,13,27,43
29,309,14,26,42
30,13,13,25,42
30,47,14,26,42
30,97,14,25,42
30,132,14,25,42
30,167,14,28,42
30,202,14,26,42
30,238,14,25,42
30,273,14,26,42
30,309,14,26,42
31,14,13,24,41
31,47,14,26,42
31,97,14,26,42
31,131,14,26,42
31,167,14,27,42
31,202,14,27,42
31,237,13,27,43
31,273,14,28,42
31,308,14,24,42
32,13,13,25,42
32,307.9,14.243,26.845,43.892
32,47,14,27,42
32,97,14,27,42
32,132,14,25,42
32,166,14,27,42
32,203,14,25,42
32,237,14,26,42
32,273,13,26,42
33,13,13,25,41
33,48,14,25,42
33,96,14,26,42
33,131,13,29,43
33,166,14,26,42
33,202,14,26,42
33,238,14,26,42
33,273,14,26,42
33,307,14,25,42
34,13,13,25,42
34,47,14,28,42
34,97,14,26,42
34,131,14,25,42
34,166,14,27,42
34,203,14,26,42
34,238,14,25,42
34,272,14,26,42
34,309,14,26,42
35,13,13,25,42
35,47,14,26,42
35,97,14,27,42
35,132,14,26,42
35,167,14,27,42
35,203,14,27,42
35,238,14,25,42
35,272,13,27,43
35,308,14,24,42
36,13,13.178,28.667,41.822
36,48,14,28,42
36,97,14,27,42
36,132,13,25,42
36,166,14,26,42
36,202,14,26,42
36,238,14,26,42
36,272,14,26,42
36,309,14,26,42
37,13,12.149,26.951,42.851
37,48,14,25,42
37,97,14,26,42
37,131,14,26,42
37,168,14,26,42
37,203,14,26,42
37,238,14,26,42
37,272,14,27,42
37,309,14,26,42
38,13,14,25,41
38,47,14,26,42
38,96,14,26,42
38,131,14,26,42
38,168,14,25,42
38,202,14,27,42
38,237,14,27,42
38,273,14,25,42
38,309,14,27,42
39,14,13,24,41
39,47,13,29,43
39,97,14,26,42
39,132,14,26,42
39,168,14,25,42
39,203,14,27,42
39,238,14,25,42
39,272,14,26,42
39,309,14,26,42
40,13,13,25,42
40,47,13,28,43
40,96,14,26,42
40,131,14,26,42
40,168,14,26,42
40,202,14,26,42
40,238,14,26,42
40,272,14,27,42
40,308,14,27,42
41,13,14.551,26.608,40.449
41,47,13,29,43
41,96,14,26,42
41,131,13,29,43
41,166,14,26,42
41,202,14,26,42
41,238,14,27,42
41,272,14,28,42
41,307,14,27,42
42,13,13,25.922,41
42,47,14,26,42
42,96,14,27,42
42,131,14,26,42
42,166,14,26,42
42,202,14,26,42
42,238,14,25,42
42,273,14,26,42
42,308,14,27,42
43,13,13,25,42
43,47,14,26,42
43,97,14,26,42
43,131,14,27,42
43,166,14,26,42
43,203,14,26,42
43,237,13,27,43
43,273,14,27,42
43,308,14,26,42
44,13,13.865,27.295,41.135
44,48,14,27,42
44,97,14,25,42
44,132,14,26,42
44,168,14,26,42
44,203,14,26,42
44,237,14,27,42
44,272,14,27,42
44,307,14,27,42
45,13,14,25,41
45,48,14,28,42
45,97,14,26,42
45,131,14,25,42
45,167,14,27,42
45,202,14,27,42
45,238,14,26,42
45,273,14,28,42
45,308,13,28,43
46,13,14.551,27.295,40.449
46,48,14,28,42
46,96,14,26,42
46,131,13,29,43
46,166,13,29,43
46,211,14,7,42
46,238,14,26,42
46,273,14,26,42
46,307,14,28,42
47,13,13,26.951,42
47,48,14,27,42
47,96,14,25,42
47,131,14,26,42
47,166,14,26,42
47,202,14,26,42
47,237,14,27,42
47,273,14,27,42
47,309,14,26,42
48,13,13,25,42
48,47,14,26,42
48,97,14,25,42
48,132,14,26,42
48,166,14,27,42
48,202,14,24,42
48,237,14,25,42
48,273,14,28,42
48,307,14,27,42
49,13,13,25,41
49,48,14,28,42
49,96,14,26,42
49,132,14,26,42
49,167,14,25,42
49,203,14,26,42
49,246,14,8,42
49,273,14,26,42
49,309,14,26,42
50,13,14,25,41
50,48,14,26,42
50,96,14,27,42
50,132,14,26,42
50,167,14,27,42
50,203,14,26,42
50,237,14,26,42
50,272,14,26,42
50,307,14,27,42
51,13,14,25,41
51,47,13,29,43
51,96,14,26,42
51,132,14,26,42
51,167,14,27,42
51,203,14,26,42
51,237,14,25,42
51,272,14,25,42
51,308,14,27,42
52,13,13,25,42
52,47,14,26,42
52,96,14,26,42
52,132,14,25,42
52,167,14,27,42
52,203,14,26,42
52,237,14,26,42
52,273,14,26,42
52,307,14,25,42
53,13,13,25,42
53,47,14,27,42
53,97,14,26,42
53,132,14,26,42
53,166,14,26,42
53,202,14,26,42
53,237,14,27,42
53,272,14,26,42
53,317,14,7,42
54,13,13.521,26.951,41.479
54,47,13,28,43
54,97,14,26,42
54,132,14,25,42
54,167,14,27,42
54,202,14,27,42
54,237,13,27,43
54,272,14,26,42
54,307,14,27,42
55,13,14,25,41
55,47,14,26,42
55,96,14,26,42
55,132,14,26,42
55,167,14,25,42
55,202,14,27,42
55,238,14,26,42
55,272,14,28,42
55,307,14,27,42
56,13,14.551,26.951,40.449
56,48,14,26,42
56,96,14,27,42
56,132,14,27,42
56,166,14,26,42
56,203,14,25,42
56,238,13,25,42
56,273,14,25,42
56,307,14,27,42
57,13,13,27.295,42
57,48,14,26,42
57,105,14,8,42
57,131,14,26,42
57,167,14,27,42
57,202,14,26,42
57,238,14,27,42
57,273,14,25,42
57,307,14,25,42
58,13,14,27.638,41
58,47,14,27,42
58,96,14,26,42
58,132,14,25,42
58,166,14,27,42
58,202,14,27,42
58,238,14,26,42
58,272,14,26,42
58,307,14,27,42
59,13,13,26.265,42
59,47,14,28,42
59,96,14,26,42
59,131,14,26,42
59,167,14,26,42
59,203,14,24,42
59,237,14,26,42
59,273,14,25,42
59,317,14,7,42
60,13,12.835,26.608,42.508
60,47,13,28,43
60,97,14,25,42
60,132,14,26,42
60,166,14,28,42
60,202,14,26,42
60,238,14,26,42
60,273,14,25,42
60,307,14,27,42
61,13,13,25.579,42
61,48,14,25,42
61,96,14,26,42
61,131,14,26,42
61,168,14,25,42
61,202,13,27,43
61,237,14,27,42
61,273,14,26,42
61,308,13,28,43
62,13,14,26.265,41
62,47,14,27,42
62,97,13,25,42
62,132,14,26,42
62,167,14,28,42
62,202,13,28,43
62,237,14,26,42
62,272,14,25,42
62,317,14,7,42
63,14,13,24,41
63,47,14,26,42
63,96,14,26,42
63,131,14,26,42
63,166,14,25,42
63,202,14,27,42
63,237,14,27,42
63,273,14,25,42
63,317,14,7,42
64,13,13,25,42
64,47,14,26,42
64,96,14,26,42
64,131,14,26,42
64,168,14,25,42
64,202,14,26,42
64,237,14,26,42
64,273,13,26,42
64,307,14,25,42
65,13,14.551,26.951,40.449
65,48,14,28,42
65,97,14,26,42
65,131,14,26,42
65,168,14,26,42
65,203,14,27,42
65,238,13,25,42
65,273,14,26,42
65,309,14,27,42
66,13,14.551,26.951,40.449
66,48,14,26,42
66,97,14,25,42
66,132,14,26,42
66,168,14,26,42
66,203,14,26,42
66,237,14,26,42
66,282,14,7,42
66,307,14,27,42
67,13,13,25,42
67,48,14,27,42
67,96,14,26,42
67,131,14,27,42
67,168,14,25,42
67,202,14,26,42
67,238,14,25,42
67,272,14,28,42
67,317,14,7,42
68,13,13,25,41
68,48,13,26,42
68,97,14,26,42
68,131,14,25,42
68,166,14,26,42
68,203,14,25,42
68,238,14,26,42
68,272,14,28,42
68,317,14,7,42
69,13,13,25,41
69,47,14,28,42
69,96,14,26,42
69,132,14,25,42
69,166,14,25,42
69,203,14,25,42
69,237,13,27,43
69,273,14,27,42
69,309,14,26,42
70,13,13,25,41
70,47,14,26,42
70,97,14,25,42
70,131,14,27,42
70,166,14,28,42
70,202,14,27,42
70,238,14,26,42
70,272,14,26,42
70,308,14,27,42
71,13,13,25,42
71,47,14,27,42
71,97,14,25,42
71,132,14,26,42
71,168,14,26,42
71,203,14,25,42
71,237,14,25,42
71,272,14,26,42
71,309,14,26,42
72,14,13,24,41
72,48,14,26,42
72,97,14,27,42
72,131,14,26,42
72,167,14,26,42
72,202,13,28,43
72,238,14,25,42
72,273,14,26,42
72,307,14,27,42
73,13,13,25,42
73,47,14,26,42
73,97,13,26,42
73,132,14,28,42
73,167,14,28,42
73,202,14,26,42
73,238,14,25,42
73,273,14,25,42
73,307,13,28,43
74,13,13,25,42
74,48,14,27,42
74,96,14,26,42
74,132,14,26,42
74,166,14,28,42
74,203,14,26,42
74,238,14,26,42
74,273,14,27,42
74,308,14,27,42
75,13,14.894,27.638,40.106
75,48,14,28,42
75,96,14,26,42
75,132,14,26,42
75,167,14,27,42
75,202,14,26,42
75,237,14,25,42
75,273,14,25,42
75,309,14,26,42
76,13,14,28.324,41
76,47,14,27,42
76,97,14,26,42
76,131,13,27,43
76,166,14,27,42
76,203,14,25,42
76,238,14,26,42
76,273,14,26,42
76,307,14,27,42
77,13,14.208,27.295,40.792
77,48,14,26,42
77,97,14,27,42
77,131,14,26,42
77,167,14,27,42
77,203,14,24,42
77,237,14,25,42
77,273,14,26,42
77,317,14,7,42
78,13,13,27.638,41
78,48,14,27,42
78,97,14,27,42
78,132,14,28,42
78,168,14,26,42
78,202,14,26,42
78,237,14,26,42
78,272,14,25,42
78,307,14,25,42
79,13,13,25,42
79,47,14,28,42
79,97,14,27,42
79,132,14,26,42
79,166,13,29,43
79,203,14,27,42
79,238,14,25,42
79,272,14,26,42
79,309,14,25,42
80,13,14.208,27.295,40.792
80,48,14,26,42
80,96,14,26,42
80,132,14,25,42
80,166,14,27,42
80,202,14,24,42
80,238,14,25,42
80,273,14,25,42
80,307,14,25,42
81,14,13,24,41
81,47,13,28,43
81,97,14,25,42
81,131,14,26,42
81,167,14,25,42
81,202,13,26,43
81,238,14,25,42
81,273,14,25,42
81,309,14,26,42
82,13,13,26.608,42
82,48,14,28,42
82,97,14,26,42
82,131,14,25,42
82,167,14,26,42
82,202,14,26,42
82,237,14,26,42
82,272,14,26,42
82,307,14,25,42
83,13,13,25,42
83,47,14,26,42
83,96,14,26,42
83,132,14,25,42
83,166,14,26,42
83,202,13,27,43
83,238,14,26,42
83,273,14,26,42
83,309,14,27,42
84,13,13,25,41
84,48,14,28,42
84,96,13,27,43
84,131,14,25,42
84,166,14,27,42
84,203,14,26,42
84,237,14,26,42
84,272,14,26,42
84,307,14,27,42
85,13,14,25,41
85,48,13,26,42
85,96,14,26,42
85,132,14,26,42
85,167,14,27,42
85,203,14,26,42
85,237,14,26,42
85,273,14,26,42
85,307,14,25,42
86,13,13,25,42
86,47,13,28,43
86,96,14,26,42
86,132,14,26,42
86,167,14,25,42
86,203,14,26,42
86,237,14,26,42
86,273,14,25,42
86,307,14,27,42
87,13,13.521,26.608,41.479
87,48,14,26,42
87,96,14,27,42
87,132,14,26,42
87,168,14,25,42
87,203,14,27,42
87,237,14,25,42
87,282,14,7,42
87,309,14,25,42
88,13,13,25,42
88,47,13,28,43
88,96,14,26,42
88,132,14,27,42
88,167,14,28,42
88,202,14,27,42
88,237,14,26,42
88,273,14,25,42
88,307,14,25,42
89,13,14,27.981,41
89,48,14,28,42
89,96,13,27,43
89,131,14,26,42
89,167,13,26,42
89,202,14,27,42
89,237,14,26,42
89,273,14,27,42
89,307,14,27,42
90,14,13,24,41
90,48,14,28,42
90,96,14,25,42
90,132,14,25,42
90,166,14,27,42
90,203,14,27,42
90,238,14,26,42
90,273,14,25,42
90,309,14,26,42
91,13,13,25,42
91,47,13,28,43
91,97,14,27,42
91,131,14,26,42
91,166,13,28,43
91,202,14,24,42
91,238,14,26,42
91,273,14,25,42
91,309,14,26,42
92,13,13,25,41
92,47,14,26,42
92,97,14,26,42
92,132,14,26,42
92,168,14,26,42
92,203,14,27,42
92,237,14,27,42
92,273,14,26,42
92,309,14,26,42
93,14,13,24,41
93,48,14,26,42
93,97,13,25,42
93,132,14,27,42
93,166,14,26,42
93,203,14,25,42
93,238,14,26,42
93,272,14,26,42
93,307,13,29,43
94,13,14,25,41
94,48,14,27,42
94,96,14,26,42
94,131,14,25,42
94,168,14,25,42
94,202,14,26,42
94,238,14,26,42
94,273,14,26,42
94,309,14,25,42
95,13,13.521,26.608,41.479
95,48,14,27,42
95,97,14,27,42
95,132,14,27,42
95,167,14,27,42
95,203,14,24,42
95,237,14,26,42
95,273,14,26,42
95,308,14,26,42
96,13,13,25,42
96,48,14,25,42
96,105,14,8,42
96,132,14,26,42
96,166,13,28,43
96,203,14,26,42
96,238,14,25,42
96,273,14,25,42
96,307,14,27,42
97,13,13,25,42
97,48,14,28,42
97,96,14,26,42
97,132,14,28,42
97,176,14,7,42
97,203,14,27,42
97,237,14,25,42
97,273,14,25,42
97,307,14,25,42
98,13,13,25,42
98,47,13,29,43
98,97,14,27,42
98,131,14,26,42
98,167,14,26,42
98,202,14,24,42
98,237,13,28,43
98,272,14,27,42
98,309,14,26,42
99,13,14,25,41
99,48,14,25,42
99,97,14,25,42
99,131,14,26,42
99,166,14,28,42
99,202,14,26,42
99,246,14,8,42
99,272,13,29,43
99,308,14,24,42
100,13,13,25,42
100,48,14,28,42
100,96,14,26,42
100,132,14,25,42
100,167,14,26,42
100,203,14,26,42
100,237,14,25,42
100,272,14,26,42
100,309,13,25,42
101,13,13,25,41
101,48,14,26,42
101,97,14,26,42
101,141,14,7,42
101,167,14,26,42
101,203,14,26,42
101,237,14,27,42
101,272,14,26,42
101,308,14,27,42
102,13,13,25,42
102,48,14,27,42
102,97,14,26,42
102,132,14,25,42
102,168,14,26,42
102,203,14,25,42
102,237,14,27,42
102,273,14,26,42
102,307,13,28,43
103,13,14,25,41
103,47,13,29,43
103,97,14,26,42
103,132,14,28,42
103,176,14,7,42
103,203,13,25,42
103,238,14,26,42
103,272,14,26,42
103,307,14,27,42
104,13,12.835,27.295,42.165
104,47,14,26,42
104,97,14,27,42
104,132,14,26,42
104,167,14,27,42
104,202,14,27,42
104,237,14,26,42
104,282,14,7,42
104,309,14,26,42
105,13,13.865,26.265,41.135
105,48,13,26,42
105,96,14,27,42
105,131,14,26,42
105,166,14,26,42
105,203,14,27,42
105,238,14,25,42
105,272,14,27,42
105,308,14,26,42
106,14,13,24,41
106,48,14,26,42
106,97,13,25,42
106,131,14,26,42
106,167,14,28,42
106,202,14,24,42
106,238,14,27,42
106,272,14,27,42
106,308,14,24,42
107,13,13,25,42
107,47,13,29,43
107,96,14,27,42
107,131,14,26,42
107,167,14,26,42
107,203,14,26,42
107,238,13,25,42
107,273,14,27,42
107,308,14,26,42
108,13,13.521,25.922,41.479
108,47,14,28,42
108,97,14,27,42
108,132,14,25,42
108,167,13,26,42
108,203,14,26,42
108,238,14,26,42
108,273,14,26,42
108,307,13,28,43
109,13,13,25,42
109,48,14,26,42
109,97,14,25,42
109,131,14,25,42
109,166,14,26,42
109,202,14,26,42
109,238,14,25,42
109,272,14,27,42
109,308,13,27,43
110,14,13,24,41
110,48,13,26,42
110,96,14,25,42
110,131,14,26,42
110,168,14,26,42
110,203,14,25,42
110,237,14,25,42
110,273,14,28,42
110,307,14,28,42
111,13,13.178,26.608,41.822
111,48,14,27,42
111,96,13,28,43
111,132,14,26,42
111,167,14,27,42
111,203,14,25,42
111,237,14,26,42
111,272,13,27,43
111,308,14,26,42
112,13,14.208,27.295,40.792
112,47,13,29,43
112,97,14,25,42
112,132,14,27,42
112,168,14,25,42
112,203,14,26,42
112,246,14,8,42
112,273,14,26,42
112,307,13,28,43
113,13,15.237,25,39.763
113,47,14,27,42
113,96,14,26,42
113,132,14,28,42
113,168,14,25,42
113,203,14,25,42
113,238,14,26,42
113,272,14,26,42
113,307,14,25,42
114,13,13.865,25,41.135
114,48,14,25,42
114,96,14,27,42
114,131,14,26,42
114,166,14,25,42
114,202,14,26,42
114,238,14,27,42
114,272,14,26,42
114,309,14,25,42
115,13,14,25,41
115,48,14,25,42
115,96,14,26,42
115,131,14,26,42
115,166,13,28,43
115,203,14,26,42
115,246,14,8,42
115,273,14,27,42
115,309,14,27,42
116,14,13,24,41
116,47,13,29,43
116,97,14,25,42
116,132,13,25,42
116,166,14,27,42
116,203,13,25,42
116,237,14,26,42
116,272,13,29,43
116,309,14,26,42
117,13,13,25,42
117,48,14,28,42
117,96,14,26,42
117,131,14,27,42
117,166,14,25,42
117,202,14,26,42
117,237,14,27,42
117,272,14,26,42
117,307,14,27,42
118,13,13,25,42
118,48,14,28,42
118,97,14,25,42
118,131,13,29,43
118,167,14,26,42
118,203,14,27,42
118,238,14,25,42
118,272,14,26,42
118,317,14,7,42
119,13,29,25,26
119,48,14,25,42
119,97,14,26,42
119,131,14,27,42
119,166,14,27,42
119,203,14,26,42
119,238,14,28,42
119,272,14,26,42
119,309,14,25,42
120,13,14.955,25,40.045
120,48,14,25,42
120,97,14,25,42
120,132,14,26,42
120,166,14,25,42
120,202,14,26,42
120,238,14,25,42
120,272,14,26,42
120,309,14,26,42
121,13,14.955,25,40.045
121,47,14,26,42
121,97,14,26,42
121,132,14,25,42
121,167,14,27,42
121,211,14,7,42
121,237,14,27,42
121,273,14,26,42
121,308,13,28,43
122,13,12.974,27.862,42.026
122,48,14,28,42
122,96,13,27,43
122,132,13,25,42
122,166,14,26,42
122,203,14,26,42
122,237,14,26,42
122,273,14,26,42
122,309,14,27,42
123,13,14,25,41
123,48,14,28,42
123,96,14,26,42
123,132,14,25,42
123,167,13,26,42
123,202,13,26,43
123,238,14,26,42
123,272,14,26,42
123,317,14,7,42
124,13,13.469,26.872,41.531
124,47,14,26,42
124,97,14,25,42
124,131,14,26,42
124,167,14,25,42
124,202,14,26,42
124,238,14,27,42
124,272,14,26,42
124,309,14,26,42
125,13,14,25,41
125,48,14,28,42
125,97,14,27,42
125,131,14,27,42
125,166,13,29,43
125,203,14,25,42
125,238,14,26,42
125,273,14,25,42
125,309,14,26,42
126,13,14,27.862,41
126,48,14,25,42
126,97,14,27,42
126,132,14,27,42
126,168,14,25,42
126,203,14,25,42
126,237,14,27,42
126,282,14,7,42
126,309,14,25,42
127,13,13,25,41
127,48,14,28,42
127,96,14,26,42
127,132,14,26,42
127,167,14,27,42
127,202,14,27,42
127,237,14,27,42
127,273,14,25,42
127,308,14,26,42
128,13,14,26.872,41
128,48,14,27,42
128,97,14,27,42
128,131,14,26,42
128,168,14,26,42
128,202,13,27,43
128,237,14,25,42
128,273,14,27,42
128,307,14,27,42
129,13,14.459,27.367,40.541
129,48,14,27,42
129,97,14,26,42
129,131,14,26,42
129,166,14,26,42
129,202,14,27,42
129,238,14,25,42
129,273,14,25,42
129,307,14,27,42
130,13,13,25,41
130,48,14,25,42
130,97,14,27,42
130,132,14,26,42
130,167,14,26,42
130,203,14,26,42
130,237,13,27,43
130,272,14,25,42
130,309,14,26,42
131,13,13,25,42
131,48,14,27,42
131,96,14,26,42
131,131,14,26,42
131,168,14,26,42
131,203,14,26,42
131,237,14,27,42
131,273,14,25,42
131,308,14,26,42
132,13,13,25,42
132,48,14,26,42
132,97,14,26,42
132,132,14,25,42
132,167,14,27,42
132,202,14,27,42
132,237,14,26,42
132,273,13,26,42
132,309,14,26,42
133,13,14.459,27.367,40.541
133,48,14,27,42
133,96,14,26,42
133,132,14,26,42
133,167,14,27,42
133,202,13,28,43
133,238,14,26,42
133,273,14,25,42
133,309,14,26,42
134,13,13,25,42
134,48,14,26,42
134,96,13,27,43
134,132,14,26,42
134,167,14,27,42
134,202,14,27,42
134,237,14,26,42
134,273,14,26,42
134,308,14,26,42
135,13,13,25,42
135,48,14,27,42
135,97,14,25,42
135,131,14,26,42
135,166,14,27,42
135,202,14,27,42
135,238,14,26,42
135,273,14,26,42
135,307,14,25,42
136,13,13,25,42
136,48,14,28,42
136,96,14,27,42
136,131,14,26,42
136,167,14,27,42
136,203,14,26,42
136,238,14,26,42
136,273,14,25,42
136,309,14,26,42
137,13,13,25,42
137,48,14,26,42
137,97,14,26,42
137,132,14,26,42
137,166,14,25,42
137,203,14,27,42
137,238,14,25,42
137,273,13,26,42
137,309,14,25,42
138,13,13,25,41
138,47,14,26,42
138,105,14,8,42
138,132,14,26,42
138,167,14,26,42
138,203,14,25,42
138,238,14,26,42
138,273,14,26,42
138,308,14,27,42
139,13,14,25,41
139,48,14,25,42
139,97,14,25,42
139,131,13,29,43
139,166,13,28,43
139,211,14,7,42
139,238,14,27,42
139,273,14,27,42
139,308,14,26,42
140,13,13,25,42
140,48,14,28,42
140,97,14,27,42
140,131,14,26,42
140,166,14,27,42
140,202,14,26,42
140,237,14,26,42
140,273,14,25,42
140,307,14,27,42
141,14,13,24,41
141,47,14,27,42
141,96,13,28,43
141,132,14,26,42
141,176,14,7,42
141,203,14,26,42
141,238,13,25,42
141,272,14,26,42
141,308,14,27,42
142,13,13,25,42
142,48,14,28,42
142,105,14,8,42
142,132,14,26,42
142,166,14,26,42
142,202,14,24,42
142,238,14,28,42
142,272,14,26,42
142,309,14,26,42
143,14,13,24,41
143,48,14,27,42
143,97,14,26,42
143,132,14,27,42
143,168,14,26,42
143,203,14,27,42
143,238,14,26,42
143,272,14,26,42
143,309,14,26,42
144,13,14,26.377,41
144,48,14,28,42
144,96,14,26,42
144,132,14,26,42
144,168,14,26,42
144,202,13,26,43
144,238,14,26,42
144,273,14,27,42
144,307,14,27,42
145,13,13.964,25.387,41.036
145,47,14,26,42
145,96,14,27,42
145,132,14,26,42
145,166,14,27,42
145,203,14,26,42
145,238,14,25,42
145,273,14,28,42
145,317,14,7,42
146,13,14.955,25,40.045
146,48,14,27,42
146,96,14,25,42
146,131,14,25,42
146,167,13,26,42
146,203,14,25,42
146,238,14,26,42
146,273,14,26,42
146,309,14,25,42
147,13,13,25,42
147,48,14,26,42
147,97,14,26,42
147,132,14,25,42
147,167,14,28,42
147,203,14,25,42
147,238,14,25,42
147,273,14,28,42
147,308,14,24,42
148,13,14,25,41
148,47,14,26,42
148,97,14,26,42
148,131,14,26,42
148,166,14,26,42
148,202,14,26,42
148,238,14,26,42
148,272,14,27,42
148,309,14,26,42
149,13,13,25,41
149,47,14,26,42
149,97,14,27,42
149,132,14,25,42
149,166,14,26,42
149,202,13,27,43
149,238,14,25,42
149,273,14,27,42
149,309,14,26,42
150,13,14.459,25,40.541
150,47,13,29,43
150,96,14,27,42
150,131,14,26,42
150,168,13,25,42
150,202,14,27,42
150,237,14,26,42
150,272,14,26,42
150,309,14,26,42
151,14,15,26,42
151,49,13,29,45
151,96,14,29,45
151,130,14,31,45
151,167,13,26,47
151,201,16,29,42
151,236,13,30,43
151,275,14,24,42
151,307,14,31,45
152,13,14,25.882,41
152,47,14,27,42
152,96,14,25,42
152,131,14,26,42
152,167,14,25,42
152,202,14,26,42
152,238,14,27,42
152,272,14,26,42
152,307,14,25,42
153,13,13,25,42
153,47,14,26,42
153,97,14,26,42
153,132,14,28,42
153,168,14,25,42
153,202,14,27,42
153,238,14,27,42
153,273,14,25,42
153,307,14,27,42
154,14,13,24,41
154,47,14,26,42
154,97,14,27,42
154,131,13,29,43
154,166,14,25,42
154,202,14,27,42
154,238,14,25,42
154,273,14,26,42
154,307,14,25,42
155,13,13,25,41
155,47,13,29,43
155,96,14,25,42
155,131,14,26,42
155,167,14,28,42
155,202,14,27,42
155,237,14,26,42
155,273,14,28,42
155,309,14,27,42
156,13,13,25,42
156,47,14,28,42
156,96,14,26,42
156,131,14,25,42
156,167,14,27,42
156,202,14,26,42
156,237,13,27,43
156,272,14,26,42
156,309,14,25,42
157,13,13.964,27.367,41.036
157,48,14,27,42
157,97,14,25,42
157,132,14,26,42
157,166,14,26,42
157,203,14,26,42
157,238,14,28,42
157,273,14,27,42
157,309,14,27,42
158,13,14,25,41
158,48,14,27,42
158,96,14,27,42
158,131,14,27,42
158,166,13,29,43
158,203,14,26,42
158,238,14,25,42
158,273,14,26,42
158,307,14,27,42
159,13,13,25,42
159,48,14,26,42
159,96,14,27,42
159,132,14,26,42
159,168,14,25,42
159,203,14,26,42
159,238,14,27,42
159,272,14,26,42
159,309,14,26,42
160,14,13,24,41
160,47,14,27,42
160,97,13,25,42
160,132,14,27,42
160,166,14,27,42
160,202,14,27,42
160,246,14,8,42
160,272,13,28,43
160,307,14,27,42
161,13,15.45,25,39.55
161,48,14,28,42
161,96,14,26,42
161,132,14,26,42
161,168,14,26,42
161,202,13,26,43
161,238,14,26,42
161,273,14,26,42
161,307,13,28,43
162,13,13,25,42
162,47,14,28,42
162,97,14,26,42
162,132,14,25,42
162,167,14,27,42
162,202,14,24,42
162,237,14,27,42
162,272,14,25,42
162,307,14,27,42
163,13,14,27.367,41
163,47,14,26,42
163,97,14,27,42
163,131,13,29,43
163,167,14,25,42
163,203,14,26,42
163,237,14,25,42
163,273,14,28,42
163,309,14,26,42
164,13,13,25,42
164,47,13,29,43
164,97,14,26,42
164,132,14,26,42
164,167,14,27,42
164,211,14,7,42
164,238,14,26,42
164,272,13,29,43
164,308,13,27,43
165,14,13,24,41
165,48,14,26,42
165,97,14,27,42
165,131,14,26,42
165,168,14,25,42
165,203,14,27,42
165,237,14,26,42
165,273,14,25,42
165,309,14,26,42
166,14,13,24,41
166,48,14,26,42
166,96,14,26,42
166,131,13,29,43
166,168,14,26,42
166,202,14,26,42
166,238,14,26,42
166,273,14,27,42
166,308,14,26,42
167,13,14,26.377,41
167,47,14,26,42
167,97,14,25,42
167,132,14,28,42
167,167,14,28,42
167,202,13,27,43
167,238,14,25,42
167,273,14,26,42
167,309,14,25,42
168,13,13,25,42
168,47,14,28,42
168,105,14,8,42
168,132,14,27,42
168,166,14,28,42
168,203,14,26,42
168,238,14,26,42
168,273,14,26,42
168,308,14,26,42
169,13,14,25,41
169,47,14,26,42
169,97,14,25,42
169,132,14,26,42
169,168,14,26,42
169,203,14,27,42
169,237,14,26,42
169,272,13,27,43
169,309,14,24,42
170,13,13,25,42
170,48,14,28,42
170,105,14,8,42
170,132,14,25,42
170,167,14,26,42
170,202,13,27,43
170,238,14,25,42
170,273,14,26,42
170,307,14,27,42
171,13,14,25,41
171,47,14,26,42
171,97,14,27,42
171,131,14,27,42
171,166,14,25,42
171,202,14,27,42
171,237,14,26,42
171,273,14,25,42
171,309,14,25,42
172,13,13,25,41
172,47,13,29,43
172,97,14,26,42
172,132,14,26,42
172,166,14,25,42
172,211,14,7,42
172,237,14,26,42
172,273,14,27,42
172,307,14,25,42
173,13,13,25,42
173,47,13,28,43
173,97,14,27,42
173,131,14,26,42
173,166,14,25,42
173,202,13,26,43
173,237,14,26,42
173,272,13,27,43
173,308,13,28,43
174,13,13,25,42
174,47,14,26,42
174,97,14,25,42
174,131,14,25,42
174,166,14,26,42
174,203,14,27,42
174,237,14,25,42
174,272,13,29,43
174,308,14,26,42
175,13,14,25,41
175,47,14,28,42
175,96,14,26,42
175,132,14,25,42
175,167,14,25,42
175,202,14,26,42
175,238,14,26,42
175,273,14,27,42
175,309,14,27,42
176,13,13.964,25,41.036
176,48,14,26,42
176,97,14,27,42
176,132,14,26,42
176,168,14,26,42
176,203,14,26,42
176,238,14,26,42
176,273,14,25,42
176,309,14,25,42
177,13,14,26.872,41
177,48,14,27,42
177,97,14,27,42
177,132,14,27,42
177,168,14,25,42
177,202,14,26,42
177,237,14,26,42
177,272,14,26,42
177,309,14,26,42
178,13,14.459,26.872,40.541
178,48,14,28,42
178,96,14,27,42
178,132,14,26,42
178,166,14,26,42
178,203,14,26,42
178,238,14,26,42
178,273,14,26,42
178,307,14,27,42
179,13,13,25,41
179,48,14,26,42
179,97,14,26,42
179,132,14,28,42
179,168,14,26,42
179,203,14,27,42
179,238,14,26,42
179,272,14,27,42
179,309,14,26,42
180,13,13,25,42
180,48,14,27,42
180,97,14,26,42
180,132,14,25,42
180,167,14,28,42
180,203,14,27,42
180,237,14,26,42
180,273,14,25,42
180,309,13,25,42
181,14,13,24,41
181,47,14,26,42
181,97,14,26,42
181,132,14,26,42
181,166,14,25,42
181,203,14,25,42
181,238,14,26,42
181,273,14,26,42
181,309,14,26,42
182,13,14,27.367,41
182,48,14,28,42
182,97,14,25,42
182,131,14,26,42
182,166,14,25,42
182,203,14,27,42
182,237,14,26,42
182,273,14,25,42
182,309,14,26,42
183,13,13,25,42
183,48,14,25,42
183,96,14,26,42
183,132,14,26,42
183,168,14,27,42
183,203,14,26,42
183,237,14,26,42
183,273,14,27,42
183,309,14,26,42
184,13,13.964,26.872,41.036
184,48,14,28,42
184,96,14,27,42
184,131,14,26,42
184,166,14,26,42
184,202,14,26,42
184,237,14,26,42
184,273,14,25,42
184,309,14,25,42
185,14,13,24,41
185,48,14,26,42
185,96,14,26,42
185,132,14,26,42
185,167,14,27,42
185,203,14,25,42
185,238,14,25,42
185,273,14,28,42
185,309,14,26,42
186,13,13,25,42
186,47,14,28,42
186,97,14,26,42
186,131,14,27,42
186,167,14,28,42
186,203,14,27,42
186,237,14,25,42
186,273,14,26,42
186,309,14,24,42
187,13,13,25,42
187,48,14,28,42
187,96,14,25,42
187,132,14,26,42
187,167,14,26,42
187,203,14,24,42
187,238,14,25,42
187,273,14,26,42
187,309,14,26,42
188,13,13.469,26.872,41.531
188,47,14,28,42
188,96,14,27,42
188,131,14,27,42
188,167,14,28,42
188,202,14,26,42
188,246,14,8,42
188,272,14,26,42
188,307,14,27,42
189,14,13,24,41
189,47,14,28,42
189,96,14,27,42
189,131,14,26,42
189,167,14,28,42
189,202,14,27,42
189,238,14,26,42
189,273,14,25,42
189,307,14,25,42
190,14,13,24,41
190,48,14,28,42
190,96,14,25,42
190,131,13,27,43
190,167,14,25,42
190,203,14,25,42
190,237,14,26,42
190,272,13,29,43
190,309,14,26,42
191,13,14,25,41
191,48,14,27,42
191,97,14,26,42
191,131,14,25,42
191,166,14,27,42
191,202,14,27,42
191,238,14,26,42
191,272,14,26,42
191,308,14,26,42
192,13,13,25,42
192,48,13,26,42
192,96,14,26,42
192,132,14,26,42
192,168,14,26,42
192,202,14,27,42
192,246,14,8,42
192,273,14,28,42
192,309,14,25,42
193,13,13.964,25.882,41.036
193,47,14,25,42
193,96,14,26,42
193,131,14,26,42
193,168,14,25,42
193,202,14,26,42
193,238,14,25,42
193,272,13,29,43
193,308,14,26,42
194,13,14,25,41
194,48,14,26,42
194,96,14,26,42
194,132,14,26,42
194,166,14,26,42
194,203,14,26,42
194,238,14,26,42
194,272,13,27,43
194,307,14,25,42
195,13,14,25,41
195,48,14,27,42
195,97,14,26,42
195,132,14,28,42
195,166,14,28,42
195,202,14,26,42
195,237,14,27,42
195,273,14,26,42
195,308,14,26,42
196,13,13.964,25,41.036
196,48,14,28,42
196,96,14,26,42
196,131,14,26,42
196,166,14,26,42
196,202,14,27,42
196,238,14,26,42
196,273,14,28,42
196,308,14,26,42
197,14,13,24,41
197,48,14,28,42
197,97,14,26,42
197,132,14,27,42
197,168,14,25,42
197,203,14,26,42
197,237,14,27,42
197,273,14,27,42
197,307,14,25,42
198,13,14.955,25,40.045
198,47,14,26,42
198,97,14,26,42
198,131,14,26,42
198,168,14,25,42
198,202,14,26,42
198,238,14,25,42
198,272,14,26,42
198,307,14,28,42
199,13,14,25,41
199,47,13,29,43
199,97,14,27,42
199,131,14,27,42
199,167,14,28,42
199,202,13,26,43
199,238,14,28,42
199,273,14,26,42
199,309,14,26,42
200,14,13,24,41
200,48,14,28,42
200,97,14,26,42
200,132,14,26,42
200,166,14,26,42
200,202,14,26,42
200,238,14,26,42
200,273,13,26,42
200,317,14,7,42
201,13,13,25,42
201,48,14,28,42
201,96,14,26,42
201,131,14,25,42
201,166,14,25,42
201,202,14,27,42
201,237,14,27,42
201,273,14,26,42
201,309,14,26,42
202,13,13,25,41
202,48,14,26,42
202,96,14,26,42
202,132,14,27,42
202,166,13,28,43
202,202,14,27,42
202,237,14,26,42
202,273,14,27,42
202,307,14,27,42
203,13,14,25,41
203,48,14,25,42
203,96,14,26,42
203,132,14,26,42
203,168,14,26,42
203,211,14,7,42
203,237,14,26,42
203,273,14,27,42
203,307,14,28,42
204,13,14,25,41
204,47,14,25,42
204,97,14,27,42
204,132,14,25,42
204,166,14,27,42
204,203,14,26,42
204,238,14,26,42
204,273,14,26,42
204,308,13,28,43
205,13,13,25,42
205,48,14,27,42
205,97,14,25,42
205,131,13,27,43
205,168,14,26,42
205,203,14,26,42
205,237,14,25,42
205,273,14,25,42
205,309,14,26,42
206,13,13,25,42
206,48,14,26,42
206,97,14,26,42
206,132,14,27,42
206,168,14,25,42
206,202,14,27,42
206,238,14,25,42
206,273,14,26,42
206,309,14,26,42
207,13,13,25,41
207,48,13,26,42
207,97,13,25,42
207,132,14,27,42
207,167,14,26,42
207,203,14,26,42
207,237,14,26,42
207,272,14,26,42
207,307,14,28,42
208,13,13.469,25.387,41.531
208,47,13,28,43
208,96,14,26,42
208,132,14,26,42
208,167,14,26,42
208,202,14,26,42
208,237,14,27,42
208,272,14,26,42
208,308,14,26,42
209,13,14.459,25,40.541
209,48,14,28,42
209,97,14,26,42
209,132,14,25,42
209,167,14,26,42
209,203,14,24,42
209,238,14,26,42
209,273,14,26,42
209,309,14,25,42
210,13,14.459,25.882,40.541
210,47,13,29,43
210,96,14,26,42
210,131,14,26,42
210,168,14,26,42
210,202,14,24,42
210,237,13,27,43
210,273,14,26,42
210,307,14,27,42
211,13,13.469,25,41.531
211,47,13,29,43
211,97,14,26,42
211,131,14,27,42
211,166,13,29,43
211,202,13,27,43
211,237,14,25,42
211,273,14,25,42
211,309,14,27,42
212,13,13,25,42
212,48,14,27,42
212,96,13,28,43
212,141,14,7,42
212,167,14,28,42
212,203,14,25,42
212,238,14,25,42
212,273,14,25,42
212,309,14,26,42
213,13,14,25,41
213,48,14,26,42
213,96,14,27,42
213,132,14,26,42
213,166,14,26,42
213,202,14,24,42
213,237,14,25,42
213,273,14,27,42
213,308,14,26,42
214,14,13,24,41
214,48,13,26,42
214,97,14,26,42
214,132,14,28,42
214,167,14,26,42
214,203,14,26,42
214,237,14,26,42
214,273,14,26,42
214,307,14,28,42
215,13,13,25,41
215,47,14,28,42
215,97,14,25,42
215,131,14,26,42
215,166,14,27,42
215,202,13,26,43
215,237,14,26,42
215,273,14,26,42
215,317,14,7,42
216,13,13,25,42
216,48,14,28,42
216,97,14,27,42
216,131,14,26,42
216,168,14,25,42
216,203,14,25,42
216,238,14,25,42
216,282,14,7,42
216,309,14,24,42
217,13,14,27.367,41
217,47,14,26,42
217,96,13,27,43
217,131,13,29,43
217,166,14,28,42
217,203,14,25,42
217,237,14,26,42
217,272,14,25,42
217,309,14,27,42
218,13,13,25,42
218,48,14,27,42
218,96,14,27,42
218,141,14,7,42
218,168,14,25,42
218,203,14,25,42
218,237,14,27,42
218,272,14,26,42
218,308,14,27,42
219,14,13,24,41
219,48,14,27,42
219,96,14,27,42
219,132,14,26,42
219,168,14,26,42
219,202,14,26,42
219,238,14,25,42
219,273,14,26,42
219,308,14,26,42
220,14,13,24,41
220,48,13,26,42
220,97,14,26,42
220,132,14,25,42
220,166,14,25,42
220,202,14,27,42
220,237,14,26,42
220,272,13,27,43
220,309,14,24,42
221,13,13,25,42
221,47,14,27,42
221,97,14,27,42
221,131,14,25,42
221,166,14,26,42
221,203,14,25,42
221,238,14,26,42
221,273,14,26,42
221,309,14,26,42
222,13,12.974,25,42.026
222,48,14,25,42
222,97,14,27,42
222,132,14,27,42
222,166,13,29,43
222,203,14,24,42
222,238,14,25,42
222,272,14,26,42
222,309,14,26,42
223,13,14,25,41
223,48,14,25,42
223,97,14,26,42
223,132,14,28,42
223,166,14,27,42
223,203,14,26,42
223,237,13,27,43
223,273,13,26,42
223,309,14,26,42
224,13,14,16,41
224,47,14,26,42
224,97,14,26,42
224,131,14,26,42
224,176,14,7,42
224,202,14,26,42
224,238,14,26,42
224,272,14,26,42
224,309,14,25,42
225,13,13.469,26.377,41.531
225,47,14,26,42
225,96,14,26,42
225,131,14,26,42
225,176,14,7,42
225,203,14,25,42
225,237,14,26,42
225,282,14,7,42
225,307,14,27,42
226,14,13,24,41
226,48,14,25,42
226,105,14,8,42
226,131,14,25,42
226,166,14,25,42
226,202,14,27,42
226,238,13,25,42
226,273,14,26,42
226,308,14,26,42
227,14,13,24,41
227,48,14,25,42
227,96,13,27,43
227,131,14,27,42
227,168,14,27,42
227,203,14,27,42
227,237,14,26,42
227,273,14,25,42
227,308,14,27,42
228,14,13,24,41
228,47,13,29,43
228,96,14,26,42
228,132,14,25,42
228,167,14,27,42
228,203,14,26,42
228,238,13,25,42
228,273,14,25,42
228,307,14,25,42
229,13,13,25,42
229,48,13,26,42
229,96,14,25,42
229,132,14,26,42
229,167,14,25,42
229,203,13,25,42
229,238,14,26,42
229,272,14,26,42
229,309,14,26,42
230,13,14,25,41
230,48,14,25,42
230,96,14,27,42
230,141,14,7,42
230,166,14,25,42
230,203,14,27,42
230,238,14,25,42
230,273,14,26,42
230,309,14,25,42
231,13,13,25,42
231,48,14,27,42
231,97,14,26,42
231,131,14,26,42
231,167,14,26,42
231,202,14,26,42
231,237,14,25,42
231,273,14,26,42
231,309,14,26,42
232,13,14,27.367,41
232,48,14,26,42
232,97,14,27,42
232,132,14,25,42
232,167,13,26,42
232,202,14,27,42
232,238,14,26,42
232,272,14,26,42
232,307,14,27,42
233,13,13,25,42
233,47,13,29,43
233,96,14,26,42
233,132,14,26,42
233,167,14,25,42
233,203,14,26,42
233,238,14,25,42
233,272,14,26,42
233,309,14,26,42
234,13,13,25,42
234,48,14,25,42
234,96,14,26,42
234,132,14,26,42
234,166,14,25,42
234,203,14,25,42
234,238,14,25,42
234,273,14,27,42
234,317,14,7,42
235,13,13,25,42
235,48,14,25,42
235,96,13,28,43
235,132,14,28,42
235,166,14,26,42
235,202,14,26,42
235,238,13,25,42
235,273,14,27,42
235,307,14,25,42
236,13,13,25,42
236,48,13,26,42
236,96,13,27,43
236,132,14,26,42
236,166,14,25,42
236,202,14,26,42
236,238,13,25,42
236,272,14,26,42
236,307,14,27,42
237,13,13,25,41
237,47,14,26,42
237,96,14,27,42
237,131,14,27,42
237,166,14,25,42
237,202,14,26,42
237,237,14,26,42
237,272,14,26,42
237,307,14,27,42
238,13,13,25,42
238,48,14,27,42
238,97,14,26,42
238,131,14,26,42
238,166,13,28,43
238,202,14,26,42
238,238,14,25,42
238,273,14,27,42
238,309,14,26,42
239,13,13,25,42
239,47,13,29,43
239,96,14,25,42
239,132,14,25,42
239,166,14,26,42
239,202,14,26,42
239,238,14,25,42
239,272,14,26,42
239,308,14,26,42
240,14,13,24,41
240,48,14,28,42
240,97,14,26,42
240,132,14,27,42
240,166,14,26,42
240,203,14,25,42
240,237,14,27,42
240,273,14,26,42
240,307,14,27,42
241,13,12.974,27.367,42.026
241,48,14,26,42
241,97,14,26,42
241,131,14,26,42
241,166,13,28,43
241,203,14,26,42
241,238,14,26,42
241,273,14,28,42
241,309,14,26,42
242,13,13,25,42
242,48,14,26,42
242,97,13,25,42
242,131,14,26,42
242,167,14,28,42
242,202,14,26,42
242,237,14,26,42
242,272,14,26,42
242,309,14,27,42
243,13,13,25,42
243,47,14,27,42
243,96,14,26,42
243,132,14,27,42
243,176,14,7,42
243,203,14,25,42
243,238,14,26,42
243,273,14,26,42
243,307,14,27,42
244,13,13,25,42
244,47,14,26,42
244,97,13,25,42
244,132,14,26,42
244,166,14,26,42
244,202,14,26,42
244,237,14,25,42
244,272,14,26,42
244,309,14,26,42
245,13,14,25.882,41
245,47,13,28,43
245,96,13,27,43
245,132,14,27,42
245,176,14,7,42
245,202,14,24,42
245,237,14,26,42
245,272,14,25,42
245,307,14,28,42
246,14,13,24,41
246,47,14,28,42
246,97,13,25,42
246,131,14,26,42
246,167,14,27,42
246,202,14,27,42
246,238,14,27,42
246,273,14,26,42
246,309,14,26,42
247,13,13,25,42
247,48,14,26,42
247,96,14,26,42
247,131,14,27,42
247,167,13,26,42
247,202,14,26,42
247,237,14,27,42
247,272,14,26,42
247,307,14,27,42
248,14,13,24,41
248,48,14,28,42
248,96,14,26,42
248,132,14,26,42
248,167,14,27,42
248,203,14,25,42
248,237,14,27,42
248,272,14,28,42
248,309,14,27,42
249,13,13,25,41
249,48,14,27,42
249,97,14,27,42
249,131,14,26,42
249,176,14,7,42
249,211,14,7,42
249,238,14,25,42
249,273,14,26,42
249,309,14,24,42
250,13,13,25,42
250,48,14,27,42
250,97,14,26,42
250,132,14,28,42
250,167,14,27,42
250,202,14,24,42
250,238,14,25,42
250,273,14,27,42
250,308,14,26,42
251,13,14.955,27.367,40.045
251,47,13,28,43
251,97,14,27,42
251,132,14,26,42
251,167,14,26,42
251,203,14,25,42
251,238,14,26,42
251,272,14,25,42
251,309,14,25,42
252,13,13,25,42
252,48,14,26,42
252,97,13,25,42
252,131,14,26,42
252,168,14,25,42
252,202,14,26,42
252,246,14,8,42
252,272,14,26,42
252,307,14,27,42
253,14,13,24,41
253,48,14,28,42
253,97,14,27,42
253,132,14,25,42
253,167,14,26,42
253,202,13,26,43
253,237,14,25,42
253,273,14,28,42
253,307,14,27,42
254,13,13,25,42
254,48,14,27,42
254,96,14,26,42
254,132,14,28,42
254,168,14,27,42
254,203,14,26,42
254,238,14,26,42
254,272,14,27,42
254,309,14,25,42
255,13,13,25,42
255,308.21,15.135,28.281,42.406
255,48,14,28,42
255,97,14,26,42
255,131,14,25,42
255,167,14,27,42
255,202,13,28,43
255,238,14,25,42
255,272,13,29,43
256,13,13,25,42
256,48,14,28,42
256,96,14,26,42
256,131,14,25,42
256,166,14,26,42
256,202,14,24,42
256,238,14,25,42
256,273,14,26,42
256,309,14,26,42
257,13,13,25,42
257,47,14,26,42
257,96,14,27,42
257,132,14,28,42
257,168,14,25,42
257,202,14,24,42
257,238,14,25,42
257,273,13,26,42
257,307,14,27,42
258,13,13,25,42
258,48,14,25,42
258,96,14,27,42
258,132,14,25,42
258,167,14,26,42
258,203,14,25,42
258,238,14,25,42
258,273,14,25,42
258,307,14,25,42
259,13,13,25,42
259,48,14,28,42
259,97,14,26,42
259,131,14,27,42
259,167,14,27,42
259,202,14,24,42
259,238,14,25,42
259,272,14,26,42
259,307,14,27,42
260,13,12.974,27.862,42.026
260,48,14,25,42
260,96,14,25,42
260,131,14,27,42
260,166,14,25,42
260,203,14,26,42
260,246,14,8,42
260,273,14,25,42
260,309,14,25,42
261,13,13,25,42
261,48,14,25,42
261,97,14,25,42
261,132,14,26,42
261,168,14,27,42
261,203,14,27,42
261,237,14,26,42
261,272,14,27,42
261,307,14,25,42
262,13,14,26.872,41
262,47,14,27,42
262,105,14,8,42
262,132,14,26,42
262,166,13,28,43
262,202,14,26,42
262,238,13,25,42
262,273,13,26,42
262,309,13,25,42
263,13,13,25,42
263,48,14,28,42
263,96,14,25,42
263,131,14,26,42
263,167,14,28,42
263,203,14,27,42
263,238,14,25,42
263,272,13,27,43
263,309,14,26,42
264,13,13.469,28.358,41.531
264,48,14,25,42
264,96,14,26,42
264,131,14,25,42
264,166,14,25,42
264,203,14,27,42
264,237,14,27,42
264,282,14,7,42
264,309,14,27,42
265,13,13,25,42
265,48,14,27,42
265,96,14,25,42
265,132,14,25,42
265,166,14,26,42
265,202,14,24,42
265,237,14,26,42
265,273,14,27,42
265,307,14,27,42
266,13,13,25,42
266,48,14,25,42
266,97,14,26,42
266,132,14,28,42
266,167,14,28,42
266,202,14,27,42
266,238,14,25,42
266,273,14,26,42
266,309,13,25,42
267,13,14.955,26.872,40.045
267,48,14,25,42
267,97,14,26,42
267,132,14,27,42
267,167,14,26,42
267,202,13,27,43
267,237,13,27,43
267,282,14,7,42
267,307,14,27,42
268,13,13,25,41
268,48,14,27,42
268,97,14,27,42
268,132,14,26,42
268,166,14,28,42
268,202,14,27,42
268,238,14,25,42
268,273,14,26,42
268,307,14,25,42
269,13,13,25,42
269,48,14,25,42
269,96,14,25,42
269,132,14,25,42
269,166,13,28,43
269,203,14,26,42
269,238,14,26,42
269,273,14,28,42
269,309,14,27,42
270,13,13,25,42
270,48,14,25,42
270,97,14,26,42
270,132,14,26,42
270,167,14,25,42
270,202,14,26,42
270,238,14,25,42
270,272,14,26,42
270,307,14,27,42
271,13,14,25,41
271,48,14,26,42
271,97,14,25,42
271,131,14,27,42
271,167,14,27,42
271,203,14,26,42
271,237,14,26,42
271,273,14,26,42
271,309,14,26,42
272,13,14.459,27.862,40.541
272,48,14,26,42
272,97,14,26,42
272,131,14,26,42
272,166,13,28,43
272,203,14,25,42
272,238,14,26,42
272,273,14,26,42
272,309,14,26,42
273,13,13,25,41
273,47,14,25,42
273,96,14,25,42
273,132,14,26,42
273,166,13,28,43
273,202,14,27,42
273,238,14,26,42
273,273,14,26,42
273,309,14,26,42
274,13,13,25,42
274,47,13,29,43
274,97,14,27,42
274,132,14,25,42
274,168,14,26,42
274,203,14,26,42
274,238,14,25,42
274,273,14,25,42
274,309,14,26,42
275,14,13,24,41
275,48,14,28,42
275,97,14,25,42
275,131,14,27,42
275,167,14,27,42
275,203,14,26,42
275,238,14,26,42
275,273,14,26,42
275,308,14,26,42
276,13,13,25,42
276,47,14,27,42
276,97,14,26,42
276,132,14,27,42
276,168,14,27,42
276,211,14,7,42
276,237,13,28,43
276,273,13,26,42
276,309,14,26,42
277,13,13,25,41
277,47,14,28,42
277,97,14,26,42
277,132,14,27,42
277,168,14,26,42
277,203,14,26,42
277,238,14,27,42
277,272,14,27,42
277,307,14,25,42
278,13,13,25,42
278,47,14,25,42
278,97,14,26,42
278,132,14,26,42
278,166,14,25,42
278,202,13,28,43
278,238,14,25,42
278,273,14,27,42
278,308,14,26,42
279,13,12.974,28.358,42.026
279,47,14,25,42
279,96,14,26,42
279,132,14,26,42
279,166,13,28,43
279,203,14,26,42
279,246,14,8,42
279,282,14,7,42
279,308,14,26,42
280,13,13.469,27.862,41.531
280,48,14,27,42
280,97,14,25,42
280,132,14,28,42
280,168,14,26,42
280,203,14,25,42
280,238,14,26,42
280,273,14,27,42
280,307,14,27,42
281,13,13,25,42
281,48,14,28,42
281,97,14,25,42
281,131,13,27,43
281,167,14,25,42
281,202,14,26,42
281,238,14,25,42
281,273,14,26,42
281,308,14,26,42
282,13,14,25,41
282,48,14,25,42
282,96,14,26,42
282,131,14,26,42
282,167,14,27,42
282,203,14,27,42
282,238,14,27,42
282,273,14,27,42
282,308,14,26,42
283,13,13,25,42
283,47,13,28,43
283,97,14,26,42
283,132,14,25,42
283,167,14,27,42
283,203,14,27,42
283,237,14,26,42
283,272,14,26,42
283,308,14,24,42
284,13,14,25,41
284,48,14,26,42
284,97,14,25,42
284,131,14,26,42
284,166,14,28,42
284,203,14,24,42
284,237,14,27,42
284,273,14,25,42
284,307,14,27,42
285,13,13.964,26.872,41.036
285,47,14,28,42
285,97,14,26,42
285,131,13,29,43
285,168,14,25,42
285,203,13,25,42
285,237,14,26,42
285,273,14,25,42
285,309,14,25,42
286,13,13,25,42
286,48,14,27,42
286,96,14,26,42
286,132,14,25,42
286,166,14,27,42
286,203,14,26,42
286,237,13,28,43
286,272,14,26,42
286,307,14,27,42
287,13,14,25,41
287,47,13,29,43
287,97,14,25,42
287,132,14,26,42
287,167,14,26,42
287,202,14,27,42
287,237,14,26,42
287,273,14,27,42
287,309,14,26,42
288,13,14,25,41
288,47,14,26,42
288,97,14,27,42
288,131,14,26,42
288,168,14,26,42
288,202,13,28,43
288,238,14,25,42
288,273,14,27,42
288,309,14,26,42
289,13,13,25,42
289,47,14,26,42
289,96,14,26,42
289,132,14,26,42
289,166,14,26,42
289,202,13,26,43
289,237,14,26,42
289,273,14,27,42
289,309,14,25,42
290,14,13,24,41
290,47,14,26,42
290,96,14,25,42
290,131,14,25,42
290,167,14,28,42
290,202,14,26,42
290,238,14,26,42
290,272,14,26,42
290,307,14,27,42
291,13,13,25,41
291,48,14,28,42
291,97,14,25,42
291,131,14,26,42
291,168,14,26,42
291,203,14,26,42
291,237,14,26,42
291,273,14,26,42
291,307,14,27,42
292,13,13,25,42
292,47,14,26,42
292,97,13,25,42
292,131,14,26,42
292,167,13,26,42
292,203,14,26,42
292,237,14,26,42
292,272,14,27,42
292,308,14,26,42
293,13,13.964,26.377,41.036
293,47,14,28,42
293,96,13,27,43
293,132,14,25,42
293,166,14,26,42
293,202,14,26,42
293,237,14,26,42
293,272,14,27,42
293,308,13,28,43
294,13,14,26.377,41
294,48,14,25,42
294,96,13,28,43
294,132,14,26,42
294,168,14,25,42
294,202,14,27,42
294,238,14,26,42
294,273,14,26,42
294,309,14,27,42
295,13,14,25,41
295,48,14,27,42
295,97,14,25,42
295,132,14,25,42
295,167,14,28,42
295,203,14,26,42
295,237,13,28,43
295,274,14,25,42
295,307,14,27,42
296,14,13,24,41
296,48,14,25,42
296,97,14,26,42
296,132,14,25,42
296,167,14,26,42
296,203,14,26,42
296,238,14,26,42
296,272,13,29,43
296,317,14,7,42
297,13,13,25,42
297,48,14,25,42
297,97,14,26,42
297,132,14,25,42
297,166,14,28,42
297,203,14,25,42
297,238,14,26,42
297,273,14,27,42
297,308,14,26,42
298,13,12.974,27.367,42.026
298,47,14,26,42
298,97,14,27,42
298,132,14,27,42
298,167,14,25,42
298,202,14,26,42
298,237,14,26,42
298,273,14,25,42
298,307,13,28,43
299,13,13,25,42
299,47,13,28,43
299,96,14,26,42
299,131,14,25,42
299,167,13,26,42
299,202,14,24,42
299,238,14,26,42
299,273,14,25,42
299,309,14,26,42
300,13,13,25,42
300,48,14,28,42
300,96,14,27,42
300,132,14,26,42
300,166,14,27,42
300,203,14,26,42
300,238,14,27,42
300,272,14,26,42
300,308,14,27,42
301,13,14,25,41
301,48,14,25,42
301,97,13,25,42
301,131,14,27,42
301,167,14,27,42
301,203,14,25,42
301,238,14,26,42
301,273,13,26,42
301,307,14,27,42
302,13,13,25,41
302,48,14,27,42
302,97,14,27,42
302,132,14,26,42
302,167,14,28,42
302,202,14,26,42
302,237,14,27,42
302,272,14,26,42
302,309,14,25,42
303,13,13,25,42
303,47,14,26,42
303,96,14,27,42
303,132,14,26,42
303,167,14,27,42
303,202,14,27,42
303,237,14,25,42
303,272,14,27,42
303,308,14,26,42
304,14,13,24,41
304,48,14,28,42
304,97,14,25,42
304,132,14,25,42
304,166,14,26,42
304,203,13,25,42
304,238,14,26,42
304,273,14,28,42
304,307,13,28,43
305,13,13,25,42
305,48,14,28,42
305,97,13,25,42
305,132,14,26,42
305,167,14,26,42
305,203,14,27,42
305,238,14,25,42
305,272,14,26,42
305,309,14,25,42
306,13,14,26.377,41
306,48,14,27,42
306,96,14,26,42
306,132,14,25,42
306,167,14,25,42
306,211,14,7,42
306,237,14,26,42
306,273,14,28,42
306,309,14,27,42
307,13,14,25.882,41
307,48,14,25,42
307,96,13,28,43
307,131,14,26,42
307,167,14,27,42
307,203,14,25,42
307,238,14,27,42
307,273,14,25,42
307,307,14,27,42
308,13,13,25,42
308,48,14,26,42
308,96,14,25,42
308,132,14,26,42
308,167,14,28,42
308,202,14,26,42
308,237,14,26,42
308,273,14,25,42
308,308,14,26,42
309,13,14.459,26.872,40.541
309,48,14,25,42
309,97,14,27,42
309,132,14,26,42
309,168,14,26,42
309,202,13,28,43
309,238,14,25,42
309,272,14,28,42
309,309,14,26,42
310,14,13,24,41
310,48,14,28,42
310,96,14,27,42
310,131,14,26,42
310,166,14,28,42
310,202,14,26,42
310,237,14,25,42
310,273,14,25,42
310,309,14,25,42
311,13,11.983,26.377,43.017
311,48,14,28,42
311,97,14,27,42
311,132,14,26,42
311,168,13,25,42
311,202,14,27,42
311,238,14,25,42
311,272,14,26,42
311,308,14,26,42
312,13,12.479,27.367,42.521
312,48,14,27,42
312,97,14,25,42
312,131,14,26,42
312,167,14,27,42
312,202,14,27,42
312,238,14,26,42
312,273,14,26,42
312,308,14,26,42
313,13,14,27.367,41
313,47,14,27,42
313,96,14,25,42
313,131,14,27,42
313,166,13,28,43
313,203,14,26,42
313,238,14,28,42
313,273,14,26,42
313,307,14,27,42
314,13,13,25,42
314,309.69,14.144,28.281,43.396
314,48,14,26,42
314,96,13,28,43
314,132,14,26,42
314,166,14,26,42
314,203,13,25,42
314,238,14,26,42
314,272,13,27,43
315,13,13,25,42
315,47,13,28,43
315,97,14,26,42
315,132,14,26,42
315,168,14,26,42
315,203,14,26,42
315,237,14,27,42
315,273,14,26,42
315,307,13,28,43
316,13,13,25,42
316,48,14,25,42
316,97,13,25,42
316,132,14,25,42
316,166,14,27,42
316,202,13,28,43
316,238,14,26,42
316,272,14,26,42
316,309,14,26,42
317,13,13,25,42
317,47,14,26,42
317,97,14,25,42
317,131,14,26,42
317,168,14,26,42
317,203,14,27,42
317,238,14,26,42
317,273,14,25,42
317,307,14,27,42
318,13,13,25,41
318,48,13,26,42
318,96,14,26,42
318,131,14,26,42
318,168,13,25,42
318,203,13,25,42
318,246,14,8,42
318,273,14,26,42
318,309,14,25,42
319,13,13.469,25.882,41.531
319,47,14,26,42
319,97,14,25,42
319,132,14,25,42
319,168,14,27,42
319,203,14,27,42
319,237,14,26,42
319,273,13,26,42
319,308,14,26,42
320,13,13,25,41
320,48,14,28,42
320,96,14,27,42
320,132,14,25,42
320,167,14,26,42
320,203,14,27,42
320,237,14,26,42
320,273,14,25,42
320,307,13,28,43
321,13,14,24.891,41
321,48,14,25,42
321,96,14,26,42
321,132,14,26,42
321,167,14,25,42
321,203,14,25,42
321,238,14,27,42
321,272,13,28,43
321,309,14,26,42
322,13,14,25.882,41
322,47,14,26,42
322,96,14,26,42
322,132,14,25,42
322,168,14,26,42
322,202,14,24,42
322,238,14,25,42
322,272,14,26,42
322,307,14,28,42
323,14,13,24,41
323,48,14,25,42
323,97,14,25,42
323,131,14,27,42
323,176,14,7,42
323,202,13,28,43
323,238,14,27,42
323,273,14,27,42
323,309,14,26,42
324,13,13.964,27.367,41.036
324,48,14,28,42
324,97,14,26,42
324,131,14,26,42
324,166,13,29,43
324,202,14,26,42
324,238,14,25,42
324,273,14,27,42
324,307,14,25,42
325,13,14,26.872,41
325,48,14,25,42
325,96,14,27,42
325,131,14,26,42
325,166,13,29,43
325,203,14,26,42
325,237,14,26,42
325,273,14,26,42
325,307,14,27,42
326,13,13.469,26.377,41.531
326,48,14,25,42
326,96,14,26,42
326,131,14,25,42
326,167,13,26,42
326,203,14,27,42
326,238,14,26,42
326,273,14,25,42
326,309,14,26,42
327,13,14,27.862,41
327,47,14,28,42
327,96,13,28,43
327,131,14,26,42
327,167,14,27,42
327,203,14,27,42
327,238,14,27,42
327,272,14,27,42
327,308,14,24,42
328,13,13,25,41
328,47,14,27,42
328,96,14,25,42
328,131,14,27,42
328,167,14,27,42
328,202,14,24,42
328,238,14,26,42
328,272,14,27,42
328,309,14,26,42
329,13,13,25,42
329,48,14,27,42
329,96,14,26,42
329,132,14,25,42
329,166,13,28,43
329,202,14,24,42
329,237,14,26,42
329,273,14,26,42
329,309,14,26,42
330,13,13,25,42
330,48,14,28,42
330,97,14,25,42
330,131,14,25,42
330,167,14,27,42
330,202,14,26,42
330,238,14,26,42
330,272,14,26,42
330,309,14,26,42
331,13,13,25,42
331,48,14,28,42
331,97,14,25,42
331,131,14,25,42
331,167,14,28,42
331,203,14,26,42
331,238,14,26,42
331,272,13,29,43
331,309,14,26,42
332,13,13,25,41
332,48,14,25,42
332,97,14,25,42
332,131,14,26,42
332,167,14,27,42
332,203,14,25,42
332,238,14,25,42
332,272,14,26,42
332,308,14,27,42
333,13,14,25,41
333,48,14,25,42
333,97,14,27,42
333,132,14,26,42
333,167,14,27,42
333,202,13,28,43
333,238,14,26,42
333,272,14,26,42
333,309,14,26,42
334,13,14,25,41
334,48,14,25,42
334,97,14,26,42
334,131,14,26,42
334,166,14,28,42
334,202,13,26,43
334,237,14,26,42
334,272,13,29,43
334,308,14,26,42
335,14,13,24,41
335,47,14,28,42
335,96,14,27,42
335,132,13,25,42
335,166,14,27,42
335,202,14,27,42
335,237,14,27,42
335,273,14,25,42
335,307,14,27,42
336,13,14,25,41
336,48,14,28,42
336,97,14,26,42
336,132,14,26,42
336,168,14,25,42
336,202,14,26,42
336,237,14,26,42
336,273,14,27,42
336,308,14,27,42
337,13,12.974,27.367,42.026
337,48,14,25,42
337,96,13,28,43
337,131,14,26,42
337,168,14,25,42
337,202,14,27,42
337,237,13,27,43
337,273,14,26,42
337,309,14,25,42
338,13,13,25,42
338,47,14,28,42
338,96,14,27,42
338,131,13,29,43
338,167,14,26,42
338,211,14,7,42
338,237,14,26,42
338,273,14,25,42
338,309,14,25,42
339,13,12.974,26.872,42.026
339,47,14,28,42
339,96,14,26,42
339,131,14,26,42
339,166,14,26,42
339,203,14,26,42
339,238,14,26,42
339,273,14,28,42
339,309,14,26,42
340,13,14,26.377,41
340,47,14,26,42
340,96,14,25,42
340,131,14,27,42
340,167,14,27,42
340,203,14,27,42
340,238,14,27,42
340,273,14,26,42
340,308,14,27,42
341,13,13,25,41
341,48,14,25,42
341,96,14,26,42
341,131,14,26,42
341,168,14,25,42
341,202,14,26,42
341,246,14,8,42
341,273,14,26,42
341,308,13,28,43
342,14,13,24,41
342,47,13,29,43
342,97,14,26,42
342,131,14,26,42
342,166,14,27,42
342,203,14,26,42
342,237,13,27,43
342,272,14,25,42
342,309,14,26,42
343,13,14,25,41
343,47,14,26,42
343,96,14,26,42
343,132,14,25,42
343,167,14,27,42
343,202,14,27,42
343,238,14,26,42
343,272,14,27,42
343,308,14,27,42
344,13,13,25,42
344,47,14,26,42
344,96,14,26,42
344,131,14,27,42
344,168,14,26,42
344,203,14,25,42
344,237,13,28,43
344,274,14,25,42
344,309,14,26,42
345,13,12.974,27.862,42.026
345,47,14,26,42
345,96,14,27,42
345,132,14,26,42
345,167,13,26,42
345,202,14,27,42
345,237,14,25,42
345,272,14,26,42
345,307,14,25,42
346,13,14,27.367,41
346,48,14,28,42
346,96,14,27,42
346,132,14,26,42
346,167,14,27,42
346,202,14,24,42
346,237,14,26,42
346,272,14,26,42
346,307,14,28,42
347,13,13,25,42
347,48,14,26,42
347,96,14,27,42
347,132,14,26,42
347,167,14,25,42
347,202,14,26,42
347,238,14,27,42
347,273,14,26,42
347,307,14,27,42
348,13,13,25,42
348,47,14,27,42
348,97,14,25,42
348,131,14,26,42
348,176,14,7,42
348,203,14,27,42
348,238,14,26,42
348,273,14,25,42
348,307,14,27,42
349,13,11.488,26.872,43.512
349,47,14,28,42
349,97,14,26,42
349,131,14,27,42
349,166,14,27,42
349,202,14,26,42
349,238,14,26,42
349,272,14,26,42
349,309,14,25,42
350,13,13.964,26.872,41.036
350,48,14,28,42
350,97,14,27,42
350,132,14,27,42
350,166,13,29,43
350,203,13,25,42
350,238,14,25,42
350,273,14,26,42
350,308,14,24,42
351,13,14,25,41
351,48,14,27,42
351,96,14,26,42
351,131,14,25,42
351,167,14,26,42
351,203,14,27,42
351,237,14,27,42
351,272,14,26,42
351,307,14,27,42
352,13,13,25,42
352,47,14,28,42
352,97,14,26,42
352,132,14,26,42
352,166,14,28,42
352,203,14,26,42
352,238,14,25,42
352,273,14,26,42
352,309,14,27,42
353,13,13,25,41
353,48,14,27,42
353,96,14,26,42
353,131,14,27,42
353,167,14,25,42
353,203,14,26,42
353,238,14,27,42
353,273,14,26,42
353,309,14,26,42
354,13,13,25,42
354,48,14,26,42
354,97,14,26,42
354,131,14,26,42
354,176,14,7,42
354,203,14,27,42
354,238,14,25,42
354,272,13,29,43
354,308,14,27,42
355,13,12.974,26.377,42.026
355,48,14,28,42
355,97,14,27,42
355,132,14,25,42
355,166,13,28,43
355,202,14,27,42
355,238,14,28,42
355,272,14,26,42
355,317,14,7,42
356,13,13,25,42
356,48,14,27,42
356,96,14,25,42
356,131,14,25,42
356,166,13,29,43
356,203,14,26,42
356,237,14,26,42
356,272,14,27,42
356,317,14,7,42
357,13,14,26.377,41
357,48,13,26,42
357,97,14,26,42
357,131,13,29,43
357,166,14,28,42
357,202,14,26,42
357,246,14,8,42
357,272,14,26,42
357,317,14,7,42
358,13,14,25,41
358,47,14,26,42
358,97,14,25,42
358,131,14,25,42
358,166,14,26,42
358,203,14,27,42
358,238,14,25,42
358,273,14,26,42
358,317,14,7,42
359,13,13,25,41
359,48,14,27,42
359,97,14,26,42
359,132,14,28,42
359,168,14,25,42
359,202,14,27,42
359,238,14,27,42
359,272,14,26,42
359,308,14,26,42
360,13,13,25,42
360,48,14,27,42
360,97,14,26,42
360,132,14,25,42
360,168,14,26,42
360,202,14,26,42
360,237,14,26,42
360,272,14,27,42
360,307,14,25,42
361,13,13,25,41
361,47,14,26,42
361,97,14,25,42
361,132,14,26,42
361,167,14,26,42
361,203,14,26,42
361,238,14,28,42
361,272,14,26,42
361,307,13,29,43
362,13,14.459,27.862,40.541
362,48,14,27,42
362,96,14,25,42
362,131,14,26,42
362,168,14,25,42
362,203,13,25,42
362,238,14,26,42
362,273,14,26,42
362,309,14,26,42
363,13,13,25,42
363,48,14,25,42
363,96,14,26,42
363,131,14,27,42
363,167,14,28,42
363,202,13,27,43
363,237,14,25,42
363,273,14,26,42
363,308,14,24,42
364,13,14,25,41
364,48,14,28,42
364,97,14,25,42
364,131,14,25,42
364,167,14,26,42
364,203,14,26,42
364,237,14,26,42
364,273,14,27,42
364,309,14,25,42
365,13,14,27.367,41
365,47,13,29,43
365,97,14,26,42
365,131,13,29,43
365,168,14,26,42
365,202,14,26,42
365,238,14,27,42
365,272,14,25,42
365,309,14,26,42
366,13,14,25,41
366,48,14,26,42
366,96,14,26,42
366,132,14,27,42
366,168,14,26,42
366,202,14,26,42
366,237,14,26,42
366,272,14,28,42
366,309,14,27,42
367,13,13.469,26.872,41.531
367,48,14,28,42
367,97,14,25,42
367,132,14,28,42
367,168,14,25,42
367,202,13,27,43
367,238,14,26,42
367,272,14,27,42
367,309,14,26,42
368,13,12.974,26.872,42.026
368,47,13,29,43
368,96,14,26,42
368,132,14,26,42
368,166,13,29,43
368,203,14,27,42
368,238,14,26,42
368,272,14,26,42
368,309,14,25,42
369,14,13,24,41
369,48,14,25,42
369,96,14,26,42
369,132,14,28,42
369,168,14,25,42
369,202,13,26,43
369,237,13,28,43
369,272,14,27,42
369,309,14,25,42
370,13,13.964,27.862,41.036
370,48,14,25,42
370,97,14,26,42
370,132,14,28,42
370,166,14,26,42
370,203,14,27,42
370,238,14,26,42
370,272,14,26,42
370,309,14,26,42
371,13,13,25,41
371,47,13,29,43
371,96,14,27,42
371,131,14,26,42
371,168,14,26,42
371,203,14,26,42
371,246,14,8,42
371,273,14,26,42
371,309,14,26,42
372,13,13,25,42
372,48,14,28,42
372,97,14,27,42
372,131,14,26,42
372,168,14,26,42
372,203,14,26,42
372,238,14,25,42
372,272,14,27,42
372,307,14,27,42
373,13,12.974,27.367,42.026
373,48,14,26,42
373,96,14,27,42
373,131,14,26,42
373,168,14,25,42
373,203,14,25,42
373,237,14,25,42
373,273,14,27,42
373,308,14,27,42
374,13,13,25,42
374,48,14,26,42
374,97,14,26,42
374,131,14,26,42
374,166,14,26,42
374,203,14,25,42
374,238,14,25,42
374,273,14,26,42
374,309,14,26,42
375,13,12.974,24.891,42.026
375,48,14,27,42
375,96,14,26,42
375,132,14,26,42
375,168,14,25,42
375,202,13,26,43
375,237,14,26,42
375,272,14,25,42
375,307,14,27,42
376,13,13,25,41
376,47,14,26,42
376,96,14,27,42
376,131,14,25,42
376,167,14,26,42
376,203,14,26,42
376,238,14,27,42
376,273,14,26,42
376,307,14,25,42
377,13,13,25,42
377,48,14,25,42
377,97,14,27,42
377,132,14,26,42
377,168,14,27,42
377,202,13,27,43
377,238,14,26,42
377,272,14,27,42
377,308,14,27,42
378,14,13,24,41
378,47,14,26,42
378,97,14,25,42
378,132,14,26,42
378,168,14,26,42
378,202,14,26,42
378,238,14,28,42
378,272,14,27,42
378,309,14,26,42
379,13,13.469,25.387,41.531
379,47,14,26,42
379,97,14,27,42
379,132,14,28,42
379,166,14,27,42
379,203,14,26,42
379,237,14,27,42
379,272,14,27,42
379,309,14,26,42
380,14,13,24,41
380,47,14,26,42
380,97,14,25,42
380,131,14,27,42
380,167,14,26,42
380,202,14,27,42
380,237,14,26,42
380,272,14,26,42
380,309,14,26,42
381,13,13,25,42
381,47,14,26,42
381,97,13,26,42
381,132,14,26,42
381,168,14,25,42
381,203,14,26,42
381,237,13,27,43
381,272,14,26,42
381,308,14,28,42
382,13,14,28.358,41
382,48,14,26,42
382,96,14,27,42
382,132,14,26,42
382,166,14,27,42
382,203,14,25,42
382,246,14,8,42
382,273,14,25,42
382,307,14,27,42
383,13,14.459,26.377,40.541
383,47,14,27,42
383,97,14,26,42
383,131,14,27,42
383,166,13,29,43
383,203,14,25,42
383,237,14,27,42
383,272,14,26,42
383,307,14,25,42
384,14,13,24,41
384,48,14,27,42
384,97,14,26,42
384,132,14,27,42
384,166,13,29,43
384,203,14,25,42
384,237,14,27,42
384,272,14,26,42
384,307,14,27,42
385,13,13.469,26.377,41.531
385,47,14,28,42
385,96,14,27,42
385,132,14,25,42
385,166,13,29,43
385,203,14,26,42
385,238,14,25,42
385,273,14,26,42
385,307,14,28,42
386,13,12.479,27.367,42.521
386,47,14,28,42
386,96,14,26,42
386,132,14,28,42
386,166,14,28,42
386,203,14,27,42
386,238,14,27,42
386,273,14,26,42
386,309,14,27,42
387,13,14,25,41
387,47,14,28,42
387,96,14,26,42
387,132,14,25,42
387,167,14,25,42
387,203,14,26,42
387,237,14,27,42
387,272,14,27,42
387,308,14,26,42
388,13,13,25,42
388,48,14,26,42
388,96,14,26,42
388,131,13,27,43
388,168,14,26,42
388,203,14,26,42
388,238,14,25,42
388,273,14,25,42
388,307,14,27,42
389,13,13.964,26.377,41.036
389,48,14,27,42
389,97,14,25,42
389,131,14,26,42
389,166,14,26,42
389,203,14,26,42
389,238,14,27,42
389,273,14,26,42
389,308,14,26,42
390,13,13.964,26.377,41.036
390,48,13,26,42
390,97,14,25,42
390,131,14,26,42
390,166,14,26,42
390,203,14,26,42
390,237,14,25,42
390,272,14,26,42
390,307,14,27,42
391,13,13,25,41
391,47,14,26,42
391,97,14,25,42
391,132,13,26,42
391,167,14,25,42
391,203,14,25,42
391,237,14,26,42
391,272,13,27,43
391,308,14,26,42
392,13,12.974,26.872,42.026
392,47,14,28,42
392,96,13,27,43
392,131,14,26,42
392,166,14,26,42
392,203,14,26,42
392,237,13,28,43
392,273,14,26,42
392,309,14,24,42
393,13,13,25,42
393,48,14,28,42
393,97,14,26,42
393,132,14,27,42
393,166,14,27,42
393,202,14,27,42
393,237,14,26,42
393,272,14,26,42
393,308,14,24,42
394,13,13,25,41
394,47,14,26,42
394,96,14,27,42
394,132,14,26,42
394,168,14,25,42
394,203,14,24,42
394,238,14,26,42
394,273,14,26,42
394,308,14,27,42
395,13,14,25,41
395,47,14,26,42
395,97,14,26,42
395,131,13,29,43
395,167,14,27,42
395,203,14,25,42
395,238,14,25,42
395,273,14,26,42
395,309,14,27,42
396,13,14.459,26.377,40.541
396,48,14,28,42
396,96,14,26,42
396,131,14,26,42
396,167,14,28,42
396,202,13,28,43
396,237,14,26,42
396,272,14,28,42
396,308,14,27,42
397,13,13,25,42
397,47,14,26,42
397,97,14,25,42
397,132,14,28,42
397,166,14,25,42
397,203,14,27,42
397,237,14,26,42
397,272,14,25,42
397,307,14,27,42
398,14,13,24,41
398,48,14,26,42
398,96,14,25,42
398,132,14,27,42
398,166,14,26,42
398,202,14,26,42
398,238,14,26,42
398,273,14,26,42
398,308,14,26,42
399,13,13,25,42
399,47,14,26,42
399,97,14,26,42
399,132,13,25,42
399,167,14,26,42
399,202,13,27,43
399,237,14,26,42
399,273,14,27,42
399,309,14,25,42
400,13,13,25,42
400,48,14,28,42
400,96,14,26,42
400,132,14,28,42
400,166,14,26,42
400,202,14,24,42
400,238,14,27,42
400,272,14,25,42
400,309,14,25,42
401,13,14.955,27.367,40.045
401,48,14,28,42
401,96,14,26,42
401,132,14,26,42
401,167,14,28,42
401,202,13,27,43
401,238,14,25,42
401,272,14,27,42
401,309,14,25,42
402,13,13,25,41
402,48,14,27,42
402,97,14,25,42
402,132,14,28,42
402,166,14,27,42
402,202,14,26,42
402,237,14,27,42
402,274,14,25,42
402,308,14,26,42
403,13,13,25,42
403,48,14,27,42
403,97,14,27,42
403,132,14,25,42
403,167,14,27,42
403,202,14,27,42
403,237,13,28,43
403,282,14,7,42
403,309,14,27,42
404,13,14,25.882,41
404,48,14,26,42
404,96,14,27,42
404,132,14,26,42
404,168,14,27,42
404,203,14,27,42
404,237,13,27,43
404,272,14,26,42
404,309,14,26,42
405,13,13,25,42
405,48,14,26,42
405,97,14,27,42
405,141,14,7,42
405,166,14,27,42
405,203,14,26,42
405,238,14,25,42
405,272,14,26,42
405,309,14,27,42
406,13,13,25,41
406,47,14,28,42
406,97,14,25,42
406,132,14,25,42
406,167,14,26,42
406,203,13,25,42
406,246,14,8,42
406,272,14,27,42
406,309,14,26,42
407,13,14,25,41
407,47,14,26,42
407,97,14,27,42
407,131,14,27,42
407,168,14,26,42
407,202,14,26,42
407,238,14,25,42
407,273,14,27,42
407,309,14,25,42
408,13,14,25,41
408,48,14,27,42
408,97,14,25,42
408,141,14,7,42
408,167,14,27,42
408,203,14,25,42
408,238,14,28,42
408,273,14,26,42
408,309,14,25,42
409,13,14.459,26.872,40.541
409,47,13,28,43
409,97,14,27,42
409,131,14,25,42
409,168,14,26,42
409,203,14,27,42
409,238,14,26,42
409,273,14,26,42
409,309,14,26,42
410,13,14,25.882,41
410,48,14,25,42
410,96,14,27,42
410,132,14,27,42
410,167,14,25,42
410,203,13,25,42
410,238,14,28,42
410,272,14,26,42
410,307,14,27,42
411,13,13.469,27.367,41.531
411,48,14,26,42
411,96,13,28,43
411,132,14,25,42
411,167,14,27,42
411,203,14,26,42
411,237,14,27,42
411,272,14,26,42
411,307,14,25,42
412,13,13,25,41
412,48,14,28,42
412,97,14,26,42
412,132,14,26,42
412,168,14,26,42
412,202,14,24,42
412,237,14,26,42
412,272,14,26,42
412,309,14,25,42
413,13,12.974,26.872,42.026
413,48,14,28,42
413,105,14,8,42
413,132,14,28,42
413,167,14,26,42
413,203,14,25,42
413,238,14,26,42
413,272,14,25,42
413,309,14,25,42
414,13,13,25,42
414,48,14,26,42
414,97,14,26,42
414,131,13,27,43
414,166,13,29,43
414,202,14,26,42
414,238,14,26,42
414,273,14,26,42
414,308,14,27,42
415,14,13,24,41
415,47,14,28,42
415,97,14,25,42
415,132,14,25,42
415,168,14,25,42
415,202,14,24,42
415,237,14,26,42
415,272,14,26,42
415,308,14,27,42
416,13,13,25,42
416,48,13,26,42
416,97,14,27,42
416,131,14,25,42
416,167,14,26,42
416,203,14,27,42
416,237,14,27,42
416,272,14,26,42
416,307,14,27,42
417,13,14,27.367,41
417,48,14,27,42
417,97,14,27,42
417,132,14,25,42
417,166,14,26,42
417,203,14,26,42
417,238,14,25,42
417,273,14,26,42
417,308,14,27,42
418,13,14,25,41
418,48,14,28,42
418,105,14,8,42
418,131,14,26,42
418,166,14,28,42
418,202,14,27,42
418,237,14,26,42
418,272,14,26,42
418,309,14,25,42
419,13,13,25,42
419,47,14,28,42
419,96,14,26,42
419,131,13,27,43
419,168,14,27,42
419,202,14,26,42
419,237,14,25,42
419,272,14,27,42
419,309,14,26,42
420,13,13,25,41
420,48,14,28,42
420,97,14,27,42
420,132,14,26,42
420,166,14,26,42
420,203,13,25,42
420,237,14,27,42
420,273,14,28,42
420,309,14,25,42
421,13,11.983,28.358,43.017
421,47,13,28,43
421,96,14,26,42
421,132,14,27,42
421,167,14,28,42
421,203,14,26,42
421,238,14,27,42
421,272,13,27,43
421,309,14,26,42
422,13,14.955,25.882,40.045
422,47,14,25,42
422,96,14,27,42
422,132,14,27,42
422,167,14,26,42
422,203,14,25,42
422,238,14,26,42
422,273,14,26,42
422,307,14,28,42
423,13,13,25,41
423,48,14,26,42
423,97,14,26,42
423,132,14,28,42
423,166,14,25,42
423,203,14,27,42
423,238,14,25,42
423,273,14,26,42
423,309,14,27,42
424,13,13,25,41
424,48,14,27,42
424,96,14,25,42
424,132,14,26,42
424,166,14,26,42
424,202,14,27,42
424,238,14,25,42
424,272,14,26,42
424,309,14,26,42
425,13,12.974,27.367,42.026
425,47,14,28,42
425,97,14,25,42
425,131,14,26,42
425,167,14,27,42
425,203,14,26,42
425,238,14,25,42
425,272,14,25,42
425,309,14,26,42
426,14,13,24,41
426,47,14,27,42
426,97,14,26,42
426,132,14,26,42
426,168,14,25,42
426,202,14,24,42
426,237,14,26,42
426,273,14,26,42
426,309,14,25,42
427,13,14,26.872,41
427,48,14,27,42
427,97,14,27,42
427,132,14,25,42
427,168,14,25,42
427,202,14,26,42
427,237,13,28,43
427,273,14,26,42
427,309,14,26,42
428,13,13,25,41
428,48,14,28,42
428,97,14,26,42
428,132,14,28,42
428,167,14,26,42
428,211,14,7,42
428,237,14,26,42
428,272,14,25,42
428,308,13,28,43
429,13,13,25,41
429,48,14,28,42
429,96,14,25,42
429,131,14,26,42
429,167,14,27,42
429,203,14,26,42
429,238,14,26,42
429,273,14,27,42
429,309,14,26,42
430,14,13,24,41
430,47,14,27,42
430,97,14,26,42
430,141,14,7,42
430,167,14,28,42
430,203,14,25,42
430,246,14,8,42
430,272,14,27,42
430,307,14,28,42
431,13,14,25,41
431,48,14,26,42
431,96,14,26,42
431,131,14,26,42
431,168,14,26,42
431,202,14,26,42
431,238,14,27,42
431,272,13,27,43
431,308,14,26,42
432,13,14.013,25.756,40.987
432,48,13,26,42
432,97,14,26,42
432,131,14,26,42
432,166,13,29,43
432,202,13,26,43
432,237,14,26,42
432,272,14,26,42
432,309,14,26,42
433,13,13.115,28.449,41.885
433,48,14,27,42
433,96,14,26,42
433,132,14,26,42
433,167,14,25,42
433,202,13,27,43
433,237,14,25,42
433,272,14,26,42
433,309,14,25,42
434,13,13,25,42
434,48,14,26,42
434,96,14,26,42
434,132,14,26,42
434,166,14,26,42
434,203,14,26,42
434,237,13,28,43
434,272,14,26,42
434,307,14,25,42
435,13,13,25,42
435,48,14,27,42
435,96,14,26,42
435,131,14,26,42
435,168,14,25,42
435,202,13,27,43
435,238,14,27,42
435,272,14,28,42
435,308,14,26,42
436,13,13,25,41
436,47,14,28,42
436,96,14,27,42
436,131,14,25,42
436,167,14,26,42
436,202,14,27,42
436,238,14,25,42
436,273,14,25,42
436,309,14,25,42
437,13,12.218,27.551,42.782
437,47,14,26,42
437,96,14,26,42
437,132,14,27,42
437,168,14,27,42
437,203,14,27,42
437,238,14,27,42
437,273,14,26,42
437,308,13,28,43
438,13,13,25,42
438,48,14,25,42
438,105,14,8,42
438,132,14,26,42
438,167,14,26,42
438,203,14,26,42
438,237,14,27,42
438,272,14,25,42
438,309,14,26,42
439,13,13,25,41
439,48,14,26,42
439,96,14,26,42
439,131,14,26,42
439,168,14,25,42
439,202,14,26,42
439,237,14,26,42
439,272,14,27,42
439,309,14,26,42
440,13,13,25,42
440,48,14,26,42
440,96,14,26,42
440,131,14,27,42
440,168,14,26,42
440,203,14,26,42
440,237,14,26,42
440,272,14,27,42
440,307,14,27,42
441,13,13,25,41
441,47,14,28,42
441,97,14,27,42
441,132,14,25,42
441,166,14,26,42
441,203,14,25,42
441,238,14,26,42
441,272,14,26,42
441,308,14,26,42
442,13,12.218,25.756,42.782
442,48,14,28,42
442,96,14,27,42
442,132,14,25,42
442,166,14,26,42
442,203,14,26,42
442,237,14,26,42
442,273,14,25,42
442,309,14,26,42
443,13,13,25,41
443,48,14,25,42
443,96,14,27,42
443,132,14,25,42
443,166,14,26,42
443,203,14,25,42
443,238,14,26,42
443,273,14,25,42
443,309,14,26,42
444,13,14.013,25.756,40.987
444,48,14,25,42
444,97,14,27,42
444,131,14,26,42
444,168,14,27,42
444,202,14,26,42
444,238,14,26,42
444,272,14,26,42
444,307,14,27,42
445,13,13,25,42
445,47,14,28,42
445,97,14,27,42
445,131,14,26,42
445,167,13,26,42
445,203,13,25,42
445,238,14,25,42
445,273,14,26,42
445,308,14,26,42
446,13,13,25,42
446,48,14,27,42
446,96,14,26,42
446,132,14,25,42
446,167,14,27,42
446,202,14,26,42
446,238,14,26,42
446,273,14,27,42
446,309,14,25,42
447,13,13,25,42
447,47,14,26,42
447,97,14,25,42
447,132,14,27,42
447,167,14,26,42
447,203,14,27,42
447,237,14,25,42
447,272,14,27,42
447,307,14,25,42
448,13,13.115,28.449,41.885
448,48,14,26,42
448,97,14,26,42
448,131,13,27,43
448,167,14,26,42
448,202,14,27,42
448,238,14,25,42
448,273,14,26,42
448,307,14,27,42
449,13,13,25,42
449,48,14,26,42
449,96,14,26,42
449,132,14,28,42
449,166,14,25,42
449,202,14,27,42
449,238,14,25,42
449,272,14,26,42
449,308,14,27,42
450,13,13,25,42
450,47,13,29,43
450,97,14,26,42
450,132,14,25,42
450,167,14,26,42
450,203,14,26,42
450,238,14,26,42
450,272,14,26,42
450,309,14,26,42
451,13,13,25,42
451,47,13,29,43
451,97,14,26,42
451,132,14,25,42
451,168,14,26,42
451,203,14,26,42
451,238,14,25,42
451,272,14,27,42
451,309,14,25,42
452,13,15.808,24.859,39.192
452,48,14,26,42
452,97,14,26,42
452,132,14,25,42
452,166,14,26,42
452,202,13,26,43
452,238,14,25,42
452,272,14,25,42
452,307,14,25,42
453,13,14,25,41
453,47,14,26,42
453,96,14,26,42
453,131,14,27,42
453,168,14,26,42
453,203,14,27,42
453,237,14,27,42
453,282,14,7,42
453,317,14,7,42
454,13,13,25,42
454,48,14,28,42
454,97,14,25,42
454,131,13,27,43
454,168,14,25,42
454,203,14,26,42
454,238,14,25,42
454,273,14,26,42
454,307,14,27,42
455,13,13.115,25.756,41.885
455,48,14,25,42
455,97,14,26,42
455,131,14,27,42
455,166,14,28,42
455,203,14,27,42
455,238,14,25,42
455,273,14,26,42
455,309,14,25,42
456,13,13,25,42
456,48,14,28,42
456,97,14,27,42
456,132,14,25,42
456,167,14,27,42
456,202,14,26,42
456,238,13,25,42
456,272,14,26,42
456,317,14,7,42
457,13,13,25,42
457,47,14,26,42
457,96,14,25,42
457,131,14,26,42
457,166,14,26,42
457,203,14,25,42
457,238,14,25,42
457,273,14,26,42
457,309,14,26,42
458,13,13,25,41
458,47,13,29,43
458,96,14,26,42
458,132,14,26,42
458,167,14,28,42
458,202,14,26,42
458,238,14,26,42
458,273,14,28,42
458,309,14,26,42
459,13,14,25,41
459,47,14,26,42
459,96,14,27,42
459,132,14,28,42
459,168,14,26,42
459,202,14,27,42
459,237,14,26,42
459,273,14,26,42
459,309,14,26,42
460,13,13,25,42
460,48,14,26,42
460,97,14,27,42
460,131,14,26,42
460,167,14,26,42
460,203,14,26,42
460,238,14,25,42
460,273,14,26,42
460,309,14,27,42
461,14,13,24,41
461,47,14,25,42
461,97,14,25,42
461,132,14,25,42
461,176,14,7,42
461,202,14,27,42
461,238,14,26,42
461,273,14,25,42
461,307,14,27,42
462,13,13,25,42
462,47,14,26,42
462,96,14,26,42
462,132,14,26,42
462,168,14,26,42
462,203,14,25,42
462,237,14,26,42
462,273,14,26,42
462,309,14,26,42
463,13,13,25,42
463,48,14,27,42
463,97,14,25,42
463,131,14,26,42
463,167,14,26,42
463,203,14,25,42
463,238,14,26,42
463,273,14,26,42
463,309,14,26,42
464,14,13,24,41
464,48,14,27,42
464,96,14,26,42
464,132,13,26,42
464,166,14,25,42
464,202,13,26,43
464,237,14,26,42
464,273,14,28,42
464,309,14,26,42
465,13,13,25,42
465,48,14,28,42
465,96,14,27,42
465,131,14,27,42
465,167,14,27,42
465,202,14,27,42
465,237,14,26,42
465,273,14,26,42
465,308,14,24,42
466,13,14,25,41
466,47,13,28,43
466,97,14,25,42
466,132,14,25,42
466,166,14,28,42
466,203,14,27,42
466,237,14,27,42
466,272,14,26,42
466,309,14,26,42
467,13,13,25,42
467,48,14,26,42
467,96,14,27,42
467,132,14,26,42
467,168,14,25,42
467,203,14,26,42
467,237,14,26,42
467,272,14,26,42
467,308,14,26,42
468,13,14,25,41
468,47,14,27,42
468,96,14,26,42
468,132,14,26,42
468,168,14,25,42
468,202,14,24,42
468,237,14,25,42
468,273,14,27,42
468,309,13,25,42
469,13,13,25,42
469,48,13,26,42
469,96,14,26,42
469,132,14,25,42
469,166,14,27,42
469,203,14,27,42
469,238,14,26,42
469,272,14,27,42
469,309,14,26,42
470,13,13,25,42
470,47,14,26,42
470,96,14,26,42
470,132,14,25,42
470,167,14,26,42
470,203,14,26,42
470,238,13,25,42
470,273,14,25,42
470,309,14,27,42
471,14,13,24,41
471,47,13,29,43
471,97,13,25,42
471,132,14,26,42
471,167,14,27,42
471,202,14,26,42
471,238,14,26,42
471,272,14,25,42
471,309,14,26,42
472,13,13,25,41
472,48,14,26,42
472,97,13,25,42
472,131,14,27,42
472,166,14,26,42
472,202,14,26,42
472,238,14,25,42
472,273,14,26,42
472,308,14,26,42
473,13,12.218,27.551,42.782
473,48,14,25,42
473,97,14,26,42
473,131,14,27,42
473,166,14,26,42
473,203,13,25,42
473,237,14,27,42
473,273,14,26,42
473,309,14,27,42
474,13,13,25,42
474,48,14,25,42
474,96,14,27,42
474,131,13,29,43
474,166,14,26,42
474,202,14,27,42
474,237,14,26,42
474,273,14,25,42
474,307,14,25,42
475,13,14,25,41
475,47,14,28,42
475,96,14,27,42
475,132,14,27,42
475,176,14,7,42
475,202,13,27,43
475,238,14,26,42
475,272,14,28,42
475,307,14,27,42
476,13,13,25,41
476,48,14,27,42
476,97,14,27,42
476,131,14,26,42
476,167,14,26,42
476,203,14,26,42
476,238,14,26,42
476,272,14,26,42
476,308,14,26,42
477,13,14,26.654,41
477,48,14,27,42
477,97,14,27,42
477,132,14,27,42
477,167,14,25,42
477,202,14,27,42
477,237,14,26,42
477,273,14,26,42
477,308,14,26,42
478,14,13,24,41
478,48,14,25,42
478,97,14,26,42
478,132,14,26,42
478,167,14,27,42
478,202,14,26,42
478,238,14,26,42
478,273,14,27,42
478,309,14,26,42
479,14,13,24,41
479,48,13,26,42
479,97,14,26,42
479,132,14,25,42
479,166,14,28,42
479,203,14,25,42
479,238,13,25,42
479,272,14,26,42
479,309,14,26,42
480,13,25,22,30
480,47,14,28,42
480,96,14,27,42
480,132,14,27,42
480,168,14,25,42
480,203,14,26,42
480,238,14,26,42
480,273,14,26,42
480,308,14,27,42
481,13,13,25,42
481,48,14,26,42
481,97,14,25,42
481,131,14,26,42
481,167,14,25,42
481,202,14,27,42
481,238,14,26,42
481,273,14,27,42
481,308,14,26,42
482,13,13,25,42
482,47,14,28,42
482,97,14,25,42
482,132,14,25,42
482,167,14,25,42
482,203,13,25,42
482,238,14,26,42
482,273,14,25,42
482,309,14,26,42
483,13,13,25,42
483,48,14,26,42
483,96,14,27,42
483,132,14,26,42
483,168,14,26,42
483,203,14,26,42
483,238,14,25,42
483,273,14,25,42
483,309,14,26,42
484,14,13,24,41
484,47,14,28,42
484,97,14,26,42
484,132,14,25,42
484,166,14,26,42
484,203,14,25,42
484,237,14,25,42
484,273,14,28,42
484,317,14,7,42
485,13,13,25,42
485,48,14,26,42
485,96,14,27,42
485,131,14,26,42
485,166,14,28,42
485,203,14,27,42
485,238,14,26,42
485,273,14,25,42
485,307,14,27,42
486,13,13,25,41
486,48,13,26,42
486,96,14,27,42
486,132,14,27,42
486,167,14,26,42
486,203,14,24,42
486,238,14,27,42
486,273,14,26,42
486,307,14,27,42
487,13,13,25,42
487,47,14,26,42
487,97,14,25,42
487,131,14,25,42
487,166,14,26,42
487,202,14,27,42
487,237,14,25,42
487,272,14,26,42
487,309,14,24,42
488,13,13,25,42
488,48,14,26,42
488,97,14,27,42
488,132,14,25,42
488,167,14,27,42
488,203,14,27,42
488,237,14,26,42
488,273,14,28,42
488,307,14,25,42
489,13,13,25,42
489,47,14,28,42
489,96,14,27,42
489,132,14,25,42
489,166,14,26,42
489,203,14,26,42
489,237,14,26,42
489,272,14,25,42
489,309,14,25,42
490,13,13.115,27.551,41.885
490,47,13,29,43
490,96,14,26,42
490,131,14,27,42
490,167,14,26,42
490,202,14,26,42
490,237,13,28,43
490,272,14,26,42
490,309,14,26,42
491,13,13,25,42
491,48,14,25,42
491,97,14,26,42
491,131,14,26,42
491,176,14,7,42
491,203,14,27,42
491,238,14,27,42
491,273,14,25,42
491,307,14,27,42
492,13,13,25,42
492,48,14,26,42
492,97,14,27,42
492,132,14,27,42
492,166,13,29,43
492,203,14,25,42
492,238,14,26,42
492,273,13,26,42
492,309,14,26,42
493,13,13,25,42
493,47,13,29,43
493,97,14,26,42
493,131,14,25,42
493,168,14,27,42
493,202,14,26,42
493,237,14,25,42
493,273,14,25,42
493,309,14,26,42
494,13,13,25,42
494,47,14,26,42
494,97,14,26,42
494,132,14,25,42
494,166,14,25,42
494,202,14,26,42
494,238,14,26,42
494,272,14,27,42
494,309,14,25,42
495,13,13,25,42
495,48,14,27,42
495,97,14,26,42
495,132,14,26,42
495,166,14,28,42
495,203,14,26,42
495,238,14,25,42
495,272,14,26,42
495,309,14,25,42
496,13,14,16,41
496,48,13,26,42
496,97,14,25,42
496,132,14,26,42
496,168,14,25,42
496,203,14,25,42
496,238,14,26,42
496,273,14,26,42
496,317,14,7,42
497,13,14,25,41
497,48,14,25,42
497,97,14,27,42
497,132,14,26,42
497,168,14,27,42
497,202,14,26,42
497,237,14,27,42
497,273,14,27,42
497,307,14,27,42
498,13,13,25,41
498,48,14,26,42
498,97,14,27,42
498,132,14,25,42
498,167,14,28,42
498,202,14,26,42
498,238,14,27,42
498,273,14,26,42
498,309,14,27,42
499,14,13,24,41
499,47,14,26,42
499,97,14,26,42
499,131,14,26,42
499,168,14,26,42
499,202,13,28,43
499,237,14,26,42
499,273,14,26,42
499,309,14,26,42
500,13,13,25,42
500,47,14,26,42
500,96,14,26,42
500,132,14,27,42
500,166,13,28,43
500,203,14,26,42
500,238,14,26,42
500,273,14,26,42
500,309,14,26,42
